timestamp,gaze_x,gaze_y,pupil_diameter_mm,blink_rate_per_min,fixation_duration_ms,saccade_velocity_deg_s,perclos,fatigue_label,fatigue_state
551.8394648829432,304.06143923504794,332.02266951400003,4.647712227041833,24.904364393805956,218.49838247529138,259.5732111759119,0.18395089996910552,0,alert
596.989966555184,360.2379439403203,246.14451743047647,0.9867929047852679,48.20947824397125,270.81808679346534,187.2395596962422,0.28766722583592974,1,fatigued
1329.4314381270904,502.69821679331994,207.46466451548156,2.989374719556202,51.35339180110124,346.71592699064036,112.58460539835886,0.4111345854001342,1,fatigued
386.2876254180602,385.0496324767066,308.2503902582258,5.726589310396536,2.456724040226259,243.59907036366232,361.53175481200196,0.06744668757532833,0,alert
908.0267558528428,357.1421221791859,257.0006801729808,3.565258948902929,14.904453774089427,190.72531551125783,278.3063075526359,0.0,0,alert
1424.7491638795987,506.65166873281333,308.1839814776323,4.9773240427384176,11.062231180577974,233.48108354511317,285.77078270541523,0.04696778903050499,0,alert
50.16722408026756,376.8291153593769,290.2043458547751,4.95805595944784,15.153330590281994,145.3682058765229,200.08176201065464,0.05101633689899363,0,alert
847.8260869565217,373.47818615186833,292.40345725319395,4.774776602986874,25.424363792579054,311.5750739334453,133.64949951592376,0.44755800796560263,1,fatigued
391.304347826087,404.5880388267751,398.54113199479525,5.154974875203223,7.49658305908566,231.5229469894019,228.57858962413655,0.0,0,alert
245.81939799331104,248.5448951076666,258.20942107628053,3.054634534816654,43.16971616009751,322.1905863724804,148.2649316509881,0.12093569692922987,1,fatigued
275.9197324414716,446.56400595580993,254.8861785912986,4.541452903810142,23.703774989528767,147.42153887852766,305.71558547713244,0.03976278745540131,0,alert
591.9732441471572,457.14114072575103,353.0683732828722,4.245471451450301,15.07791615083408,183.42926787044303,250.15496826561196,0.06991137088491263,0,alert
546.8227424749164,396.2777042116916,323.1497475326437,5.687519457803027,13.788588730636592,248.48189397279717,262.33525485115985,0.08857658568582241,0,alert
1444.8160535117058,451.21587288998296,366.75915099902363,1.9437555303912912,23.094927033070437,501.14592083740297,217.1658523854743,0.24167245721383523,1,fatigued
346.1538461538462,417.30866995570676,294.3014635315479,3.064240099886283,37.61995030628545,357.03847420806034,240.6424781506028,0.4806902245291566,1,fatigued
1173.913043478261,507.19720446626627,270.66737514890286,4.475720578829253,15.535060188256107,209.97269717281532,335.9959331359435,0.1436125944499328,0,alert
150.5016722408027,369.91466938853017,299.44889522188885,3.3152747591996263,13.66880283984081,186.55049289952998,289.8620372837843,0.12249286539539342,0,alert
1063.5451505016722,447.7000881746601,289.24733789101157,5.5128845190476135,22.220406384132524,247.35326632489645,127.91313177901748,0.03385145901276211,0,alert
923.0769230769231,388.82686073370746,265.96421646220637,4.891853313551728,19.29161271338932,264.52572232055843,197.46721461881384,0.1371875027225652,0,alert
431.438127090301,445.7701058851037,315.37901890997216,4.331772221289306,26.020389810602904,109.82767761380221,292.35090886940577,0.03142378880470124,0,alert
10.033444816053512,432.3844269050346,333.62821223054675,5.108724144073962,17.172468937608905,227.33785018193703,222.7260781604385,0.037495593985372236,0,alert
1439.799331103679,306.06134845853563,194.83209075946706,3.4120468491319813,27.671663198757052,220.64349215584525,180.54512294241698,0.19975391892138233,1,fatigued
1178.9297658862877,426.0164012885253,390.3657364176164,5.0672048109011785,32.084278033431886,547.2775109273956,152.29306814099343,0.24564597250698456,1,fatigued
1484.9498327759197,306.25121494997495,391.1325045754621,3.6093030481713004,48.440323299290235,213.4607510564855,367.21454330293176,0.45362202625611925,1,fatigued
341.1371237458194,361.2784112714415,361.2496744608302,2.6802844273349136,32.47790528972305,392.06258024582274,182.94241556713447,0.5821385154644896,1,fatigued
1198.9966555183946,327.1743088421242,339.84452874601067,2.8290346727269524,40.317070912617204,319.153189464172,162.76307535381156,0.3005921802591812,1,fatigued
361.20401337792646,398.2086980445024,365.3014623507769,4.260118684143756,22.043861293932345,154.46123411964527,300.5490552516641,0.06151794294885553,0,alert
677.2575250836121,477.496720250877,303.3342651188899,4.83081823768913,26.443920579740197,199.77484173291765,251.74460757306022,0.0,0,alert
1284.2809364548496,350.4578288603037,228.1049574703515,4.418629877112462,20.308248296725786,423.27058155972054,32.505295736901786,0.37371513571412296,1,fatigued
687.2909698996656,303.68484644826844,378.884083295681,5.251150698434476,18.7672129668367,174.08042585001633,180.87653214249121,0.26898814318670267,1,fatigued
1479.933110367893,264.0283824241176,417.35250863733876,3.3929766222226347,18.171563676458383,489.0373131520946,320.1958190250272,0.23057705591857908,1,fatigued
817.7257525083612,358.9658840824145,309.62909598304,4.432758070192745,6.561717327331403,161.61586354710667,237.45246090338972,0.11871293515700343,0,alert
411.371237458194,473.8947022370758,204.42469240605868,4.132835813604158,11.198143141224723,262.4865206013154,208.89247267151222,0.005939067687204688,0,alert
1289.2976588628762,364.61652671906097,280.5348815481171,4.829990889470483,30.514614832065853,242.86950309296668,346.7012183042057,0.13246335084276364,0,alert
963.2107023411372,410.7046872065102,303.4815738441428,4.690105186036761,21.36577726182188,340.8032348515974,340.9908108220071,0.15133480228847856,0,alert
767.5585284280937,379.0328841723156,339.2210633028178,3.56464971241664,25.87695737716013,267.1210072098497,146.21304604398208,0.3272779276378193,1,fatigued
662.2073578595318,346.88481431369473,287.8766924499949,4.78577692900013,19.395338735631675,207.19342774418752,234.95151173777765,0.0520813725931968,0,alert
1078.5953177257525,413.7269288491565,360.12553665385605,5.518330599955693,49.59978799648166,401.80598872846105,-15.172774304149215,0.24782541824672355,1,fatigued
707.3578595317726,426.75303843779875,215.6121316993499,1.4800289406950506,6.600498376133551,260.16406654891887,262.55358860165774,0.40722295912728607,1,fatigued
1379.5986622073578,423.10517371316354,200.49891109464517,5.7561905044624515,15.315949538799355,258.89682603063153,187.5984242145506,0.06103562863837701,0,alert
321.0702341137124,506.4432549254699,375.1867048291955,3.6037982856455772,13.340826599011564,247.82727550803622,343.1282198499697,0.21484828895773367,1,fatigued
145.48494983277592,385.41531251033615,328.2755479168926,5.265934062929664,16.605498433562072,352.63138009548106,201.62677966976923,0.08113097737669087,0,alert
1033.4448160535117,428.5378447308946,264.644150159634,2.800566714137695,21.500746102020937,381.98668547029683,204.16564985030743,0.2588060492108959,1,fatigued
1354.5150501672242,367.5281457650666,257.7421136177819,1.0052940294962678,27.627655986976045,301.32731388639945,33.173368981584474,0.084007549445994,1,fatigued
120.40133779264215,372.78086377374086,254.72921783251343,5.615230638647578,24.170279773549055,208.8827404673375,253.9455256750263,0.09011928031800366,0,alert
913.0434782608696,346.4553750969444,227.70991558840922,4.766138495704174,15.070189692695704,349.4384927959302,216.74086974889104,0.04239696652460209,0,alert
867.8929765886288,382.732193399042,306.23465372186917,2.5984587232113605,38.53630705227823,202.12134136844188,108.83562590236555,0.2797133589285996,1,fatigued
521.7391304347826,391.93571441669957,279.747053783434,3.410359578533267,21.18933988168154,252.19059061422422,246.20795344725772,0.07356187135974628,0,alert
316.05351170568565,340.18966879596644,318.07702749445235,4.119602660206365,21.254022545531072,164.759584415238,341.8831777452735,0.0,0,alert
953.1772575250836,519.1119731038063,402.80786010131044,3.469508568104956,25.493447481075528,297.48774871072976,270.339896047134,0.14619314047510626,1,fatigued
1229.0969899665552,383.2749382079526,264.13971350382855,4.844715884805704,17.093474285488806,180.91858637249027,296.685828791435,0.1472618400394683,0,alert
1244.1471571906354,488.27271201405483,316.7015643017089,4.053582011024079,26.567030379349834,294.29698428601813,293.27071316191206,0.06032631700922493,0,alert
506.68896321070235,378.96773386173203,273.0281239670802,5.234306458085823,22.547802097476612,279.5225409721914,376.24134934037295,0.059970830614639405,0,alert
1279.2642140468229,400.9000424987085,374.0893920299962,5.396835837498669,31.62898361778104,335.80352056356884,181.84409357209734,0.2696016495075316,1,fatigued
1459.866220735786,305.6391311846072,291.6939644744349,4.02254198447098,2.634104778114125,418.53571564650736,269.9085582570566,0.33689711367366987,1,fatigued
280.9364548494983,349.98428957408504,266.4960068972468,3.534029980833752,23.888985425644467,350.2150138634895,200.86141602895304,0.28698781107409765,1,fatigued
1048.494983277592,592.6365745327361,262.6072447615033,3.873774888446347,28.484188123200717,204.95001901269717,211.7829486730551,0.1362542082575935,0,alert
827.7591973244148,420.6390463468249,290.05636802100497,4.007776502411879,10.281980632243137,210.4882256183818,278.39923563907826,0.08537484087531493,0,alert
687.2909698996656,383.89692418971623,237.8954343803299,5.187883688761859,8.213750718741078,201.8518188107123,309.6519345915423,0.10806159030592599,0,alert
978.2608695652174,419.26586898644183,324.25095196580963,5.237206997333033,16.515700519348506,231.0808183518945,415.72502993407994,0.14420901429898564,0,alert
381.27090301003346,404.35235341190855,339.25442865243053,3.72259690817392,14.28616208450554,359.1597723989016,166.94077288661435,0.046269918405301876,0,alert
882.9431438127091,400.65009459389535,325.9450633375095,3.991003976922592,7.660508608041493,179.85563568040502,365.20109645778473,0.1474467631991608,0,alert
145.48494983277592,437.45485805663475,284.94420767650445,2.717632997558558,30.378851128764254,448.5176724222347,124.06939641379532,0.32411561409754525,1,fatigued
1183.9464882943143,420.0532577104968,324.29766934487685,2.5752232488369247,41.081883705147185,428.26310840909025,348.5184509014398,0.29217113720689014,1,fatigued
1244.1471571906354,435.4783129531195,311.17137504622025,3.075724610205618,32.518960317052745,195.49456756323835,182.00711371050687,0.2279304255119361,1,fatigued
351.1705685618729,418.0697802754207,301.1029578416524,5.372259634748341,17.768626489464737,285.4786072356561,335.5985275735279,0.013657719890843856,0,alert
1309.3645484949834,271.78637713251726,242.86976182925463,2.5696923321123593,30.506030219786016,241.62068298792957,105.27937931363908,0.3671757849513566,1,fatigued
1449.8327759197325,462.8199467779002,355.9351595510202,6.194012010694105,26.83157238685716,288.4901418467712,301.95343862194557,0.2911627781644252,1,fatigued
406.35451505016727,417.85562857558733,273.027330955019,3.7096637601479396,19.55274537070979,210.85180981716738,360.40461446001007,0.17693496941289388,0,alert
80.2675585284281,361.71200677279853,351.3607206429642,4.050609620197243,13.287193169754733,332.9923696292539,81.7035429598608,0.2877590539711946,1,fatigued
20.066889632107024,284.84704857061377,435.5089067723903,3.5991703147700744,36.12208436987134,483.1067817949387,293.8556001837751,0.5260690306993792,1,fatigued
30.100334448160538,478.9606407753696,357.49492031047913,3.958347560627499,8.840863154120484,177.88049873159468,328.7471213219701,0.096027599060689,0,alert
617.056856187291,365.50206614255177,286.48527353707016,1.6137721838357098,26.061676822783152,394.3667482654364,-14.365055842562384,0.4097025530718049,1,fatigued
371.23745819397993,313.18856786959816,332.78639467036567,2.7106155034294743,21.93663704923612,121.25436976405086,192.2373673960978,0.3497936527988521,1,fatigued
647.1571906354516,460.6010951869538,225.18336735055632,2.860191575558338,25.473575409816018,483.1719845056491,-77.93726355626518,0.41229798420653674,1,fatigued
1188.9632107023413,383.9818949744768,380.59829355756125,3.0245416135675836,16.195850651974784,234.3876946381354,245.57211632490754,0.34731405395249654,1,fatigued
60.200668896321076,383.2735340316577,225.80913953166896,3.8998369484884456,15.84120074557325,611.1861164398248,178.50880579806125,0.44132605040343564,1,fatigued
1193.979933110368,366.9106767615806,345.2831764146498,5.189025678933609,20.584400419099147,249.45849709829508,346.5215314381503,0.07846554126848033,0,alert
1299.3311036789298,412.6922249184537,351.4938414988588,1.972447785106039,45.79968946276576,171.10187275204285,176.55315785875712,0.31178355222599746,1,fatigued
662.2073578595318,222.39169458305315,351.66344847566864,5.175466522209837,10.956785662105819,407.89258268231123,-42.21854372663654,0.1388384768825983,1,fatigued
1434.7826086956522,392.41074524822085,279.328759520689,4.908749729728175,11.105075638770142,134.8980560240181,258.35536460650957,0.04951158814116135,0,alert
632.1070234113713,493.56824036109094,341.5070867838881,4.796270058641663,8.997083037419777,372.83394997956105,259.62483086091163,0.190638107061644,1,fatigued
1494.9832775919733,396.5813863519155,356.65524927295365,3.7010117006938765,17.313144383444445,383.69884519340974,251.52089873620812,0.0,1,fatigued
306.0200668896321,399.7203822745604,365.7011813769792,2.334821088408009,26.338535551792376,120.64523487560766,112.63074825736146,0.5646616959218096,1,fatigued
366.2207357859532,478.23218279070034,343.1671871738343,4.239991393802946,13.084256124185654,201.01549301831187,185.03927367636163,0.12677963193616038,0,alert
195.6521739130435,409.8430617934562,274.63239512382114,3.593444859555469,13.61552821557963,317.70379738771226,78.94164507028455,0.06751298856364762,0,alert
777.5919732441472,364.28242909868163,264.3207225481945,6.342667445386173,12.97025979237169,64.53746247130542,259.32190129026793,0.16246628559024903,0,alert
1093.6454849498327,375.7318226085448,304.46995374431515,4.557598792492797,18.206594280289806,311.70810558475193,329.6616271997328,0.11812508181255357,0,alert
351.1705685618729,458.98676132712814,390.4733535824509,3.0529686829435914,16.03736453798631,329.9323501056208,323.5348977918029,0.2443926557395617,1,fatigued
1053.5117056856188,428.54452553465836,312.17055716009276,4.369189849087049,15.85590559541992,299.6916485109435,357.49564685008806,0.0,0,alert
1178.9297658862877,431.6959511159006,302.13294020923865,4.663950312775564,22.784523009730144,236.954797029298,166.85825740943886,0.24557960233466464,0,alert
1234.113712374582,341.69300351932765,282.21189260574783,3.402251339560681,34.8543786686917,429.3185534616591,330.90340047244376,0.35437260209222354,1,fatigued
301.0033444816054,376.0412881077355,323.37059314085275,4.098436595183834,20.856336559205264,253.49961475130334,278.5042893956095,0.07194147551176713,0,alert
0.0,410.11276208780134,255.869683499706,3.7641702248270428,9.0141168633487,384.0118739171688,101.12774156336005,0.22214337545349072,1,fatigued
1299.3311036789298,438.73170267146685,281.05569836308814,4.943052272428858,15.051011698948265,260.3908810761975,372.0440117508833,0.09161539468205267,0,alert
1404.6822742474917,405.6758672625624,315.2323383372486,6.268852698111536,18.079364906920873,263.3428814696663,181.55777754297162,0.08003167753139584,0,alert
1143.8127090301005,364.23481453700157,311.6875125774667,4.2058692280329,16.615169920442046,206.72478258485367,305.71011193809386,0.09257956491647755,0,alert
55.18394648829432,376.71351232148714,349.4449583394236,4.461090730362682,18.314901965983633,178.42568813224557,266.44383785041975,0.08880758071913296,0,alert
561.8729096989966,450.58664498587274,351.1662876488023,5.386621622223997,26.69054278145091,598.9019292866154,233.72111003381676,0.16210096238561786,1,fatigued
416.38795986622074,374.0864890863176,276.34102402436577,4.842562192859543,16.71373186314812,277.40213900767503,284.317589489358,0.04445214445082635,0,alert
451.5050167224081,404.853877467402,259.5713397893239,4.247323683926644,18.250296847685316,243.31471627185783,204.9502691610075,0.11277705488022197,0,alert
1043.4782608695652,425.7523843153024,302.1834732575172,5.3790292879014645,13.25738623582517,200.63920966947185,270.7156377532199,0.1195547401059443,0,alert
1193.979933110368,380.5650526902541,232.56070723543453,1.3326190049694788,32.031815222591916,333.62618569105524,83.83450897877056,0.42478251616176577,1,fatigued
175.58528428093646,334.1118581682479,282.2854803374981,2.6628349226256427,34.91559750882968,165.52339269693505,232.0182075554482,0.35436368075928293,1,fatigued
396.32107023411373,300.62155426995537,263.6265771590182,5.390088566495911,21.562487936865786,201.4530121478499,223.28232940899335,0.03164779601022868,0,alert
672.2408026755853,283.1062456575375,278.6974889796187,3.007939224749978,30.454581954976803,635.4165136580946,295.18108258624125,0.1866866850484144,1,fatigued
702.3411371237459,411.37299673020647,317.2829452022688,3.2113880380678483,27.103566148747213,229.63443886299189,281.69536196709305,0.09848303237024614,0,alert
1409.6989966555184,433.10653372605236,281.31204387446394,4.1283918589557755,25.352013718067596,197.630010874494,274.18260991599135,0.11607240493574689,0,alert
1344.4816053511706,377.9977756651508,215.8143635538365,4.960980990870981,20.568526049991718,148.24701627788895,288.624336474914,0.1653648881659964,0,alert
571.9063545150502,342.3966281792399,300.5909304997825,5.499068452175042,34.278766022874024,268.48501321824995,321.5164891572886,0.2889305721389621,1,fatigued
998.3277591973244,342.85148510846886,237.77401210660489,4.520829297647022,19.078930855387956,180.58634326171625,292.5707247357719,0.03530584131161306,0,alert
822.742474916388,434.41728843603596,242.84902582277317,3.790328769242121,17.30201064943717,362.7872812614101,227.09138277341054,0.1611624671183565,1,fatigued
1379.5986622073578,495.8799383914341,162.80307312455656,3.4269045495257764,44.90987081216045,377.30426105922214,343.02792012962874,0.3688107906145497,1,fatigued
1424.7491638795987,382.6237596329269,335.12935218130883,1.3141350765260444,12.823574553139547,349.262987488416,192.310668302154,0.2329737999869636,1,fatigued
356.18729096989966,373.9239181085982,487.290437096452,2.4041059841517134,48.72766123942566,184.6118107320982,304.677845603414,0.14568223633618022,1,fatigued
496.6555183946488,419.0297827896859,335.5038470926668,3.6613288070300904,36.37843013824645,287.428334986085,173.27351590680715,0.3504907048010113,1,fatigued
200.66889632107024,393.1808672989213,441.2187928154066,3.797838600434292,36.71237786548145,431.79025879596713,140.3681569858426,0.35308143662165736,1,fatigued
742.4749163879599,426.09707828084487,276.8759887198488,4.071937537905637,25.859242098355374,137.9872780950747,363.11702360953257,0.14756301504633007,0,alert
973.2441471571907,313.56444747547476,373.63231616539633,3.909922367609507,13.114557277144044,406.49494479704197,200.94562216336737,0.4728652679662713,1,fatigued
697.3244147157191,434.9054765565361,314.12005832498863,3.109145747519938,27.055948000113272,378.05301267844095,38.234346567179955,0.2035560240394432,1,fatigued
727.4247491638796,439.0911435888655,330.1352646973517,3.9919793307925744,22.301959624920034,130.90612189300577,309.9814968045354,0.057823379837381964,0,alert
45.15050167224081,427.1280021792982,290.9013306404748,5.547231018042428,29.97952833983276,324.97460459121635,383.4271056738683,0.1337022988445669,0,alert
376.2541806020067,547.1630977355819,364.11718788446075,2.958149407956395,49.99868114813607,206.87628318477067,208.74489176186185,0.32682083546717255,1,fatigued
1118.7290969899666,513.959394667803,415.7844358902628,3.2229741874698026,37.64723190092399,551.7916274371229,221.90012367190562,0.3290644691960876,1,fatigued
943.1438127090302,357.6603140965798,375.9213735782654,4.450884001978947,15.445747125075782,221.920248943946,299.83015100822996,0.04151110428662287,0,alert
657.190635451505,403.42814874030137,208.23455200079547,3.8151390556694778,6.988495556734463,293.125711101839,220.75503415063883,0.1098019533941913,0,alert
1364.5484949832776,392.80145806822304,329.53316975001667,1.6580219534006273,39.695482818159284,381.7021443712489,68.31580172347202,0.2322156468251768,1,fatigued
1494.9832775919733,440.643105941948,280.00680329657496,5.34455627655585,18.34348480438797,281.4437515486877,355.3204997019019,0.0,0,alert
1434.7826086956522,361.56794286353863,345.1950692356395,3.152749279685131,26.368678966369046,249.55966596438168,-63.535338531993546,0.6288706101381061,1,fatigued
732.4414715719064,308.09727613414975,206.6786874434322,2.5933598079135645,22.216115156957713,325.5038524714173,-61.24780557314256,0.3980980856968817,1,fatigued
421.40468227424753,359.57531985534064,265.8390302300836,3.6445105337756383,16.97838476545659,172.84063236952304,310.0171550231401,0.07841565458246438,0,alert
1464.8829431438128,260.27765959279367,307.0519534279277,3.3864442335404936,44.04661924697007,639.4730377736225,104.0071391957679,0.4797734111527364,1,fatigued
887.9598662207359,472.67670385786585,314.0062569544591,4.3267369551139465,14.431309034204524,282.39428124376457,386.4921236345716,0.13685158772737147,0,alert
767.5585284280937,411.61268485805016,322.682093198303,5.237549257625488,18.564042594943444,265.5493096181588,255.2783595032518,0.04077401968107081,0,alert
762.5418060200669,263.90594479587526,450.32238815288366,1.9741646483249757,-1.9768704125380552,323.40489140263526,350.341116131298,0.3644380274975225,1,fatigued
983.2775919732442,355.80712818994334,253.32392305530948,4.472311392300342,17.471811141896545,139.17242262821821,209.97680727760977,0.0784087244450564,0,alert
376.2541806020067,441.0951252187612,265.46935967003776,3.955528318686387,5.662755614326814,228.5030148183943,277.50509623917617,0.16374102864739737,0,alert
461.53846153846155,364.89734530613237,240.5895056840711,3.743255670680072,15.516935704876419,219.6357453076064,310.5591862910367,0.053816846568405886,0,alert
1484.9498327759197,444.9799937716625,287.8556279117983,4.383017343778202,16.882173206439912,343.69021459818384,257.6662245033367,0.12022883703447276,0,alert
341.1371237458194,418.0818012523817,304.3954244346974,2.644321134124892,16.75905229613394,175.868203444614,170.62179001794203,0.014542014187088115,0,alert
75.25083612040135,371.88562353795135,300.9451728734742,4.5904548273826595,18.674129154622037,294.864524360424,271.4776744131702,0.02652846647508276,0,alert
1023.4113712374582,331.1165316021454,270.7210843895178,4.195852640797379,23.6490969004251,279.762861148349,308.6873059849959,0.0,0,alert
792.6421404682275,340.4348251398676,275.0857812593768,3.8991495538731504,20.261600927566594,131.26530587355228,209.5420204304251,0.14336340854396312,0,alert
441.47157190635454,373.51198981164805,342.7690727183723,4.997671977742444,15.674214957022016,153.79800362956757,222.06868455458962,0.05156963917574503,0,alert
988.294314381271,492.12788743571434,325.84627692096046,5.36963597971333,9.285347711355577,333.74849404699955,225.45120236890102,0.21741473409519524,1,fatigued
586.9565217391305,341.5660981190234,305.20535854317865,4.605211233023314,14.096684995674071,201.68651773871994,227.3746264933371,0.042749144104933044,0,alert
411.371237458194,365.5686654590074,459.43865148760887,1.8561589735330266,8.362233260541323,367.6346239821879,221.44336601725706,0.7412879428316919,1,fatigued
526.7558528428094,417.79250223043016,248.09421025157837,1.1685043998402578,33.97559049000413,10.808008921440887,236.91352018270356,0.3829594183386263,1,fatigued
165.55183946488296,347.11445355220496,269.527722981955,4.201183251036806,3.8071642602795084,374.78256025925907,269.6678189590932,0.09722744991210945,0,alert
0.0,424.83570765056163,262.6952245085067,5.029892031651746,19.212039853237407,227.51347015887444,334.48527533166464,0.19407144114518043,0,alert
1469.8996655518395,327.99808524744816,299.91274116987006,3.045349236118618,33.71825829211879,147.67225099183588,-28.960256454796905,0.0,1,fatigued
1158.8628762541807,374.27205985135464,344.7388596450688,2.753352568771355,7.716113395774855,581.5013046599053,136.6043544004425,0.30032031106009055,1,fatigued
265.88628762541805,398.45607245749466,256.3180008166936,3.1189947461199656,21.37871126763129,350.0303445083032,100.92155806374295,0.37987100916963223,1,fatigued
160.5351170568562,433.8288988773456,308.23358868443216,3.9754570322092255,34.988595838099144,546.6790671634889,171.68360153468342,0.4242505554379683,1,fatigued
1173.913043478261,451.2306530815829,437.49680309322855,4.351256151035753,15.914988718972866,612.4596552351907,83.58508875444276,0.2844862415609277,1,fatigued
1224.0802675585285,339.98517964721117,188.77599749427196,4.616516545749139,15.961569054296783,243.98127710515848,215.0852806066598,0.03065480405706797,0,alert
110.36789297658864,403.3764102343962,263.18006925449373,5.817417147532524,17.797818044881257,258.0266128559259,264.1461130805118,0.06650864109151529,0,alert
702.3411371237459,388.47155624921874,256.7815108938121,3.6547493864965137,39.31447852738143,358.9177557098713,114.23831876114818,0.3286662435362498,1,fatigued
581.9397993311037,398.26441151473784,369.80183889851355,4.579959354063428,13.09149197831331,156.09318021547764,300.912703585598,0.03273297488550567,0,alert
446.4882943143813,425.6633716556678,274.03933549519184,4.810984318040227,17.161315033967185,90.82656442285102,286.03007181324625,0.07913286374730326,0,alert
326.0869565217391,298.7924646537705,376.5468127950056,4.284412815134947,33.537525324731625,593.9236878784538,49.055821290933466,0.35083618788423326,1,fatigued
1058.5284280936455,456.77828200902997,297.7392850747888,4.192188259208078,18.304597239078337,253.37380056403958,271.57331852324813,0.03423651328602715,0,alert
90.30100334448161,354.5987962239395,314.58748586197987,4.836706462215699,14.32139831269683,169.87917680441456,208.30692229695563,0.06733218567033833,0,alert
536.7892976588629,408.4490679028528,403.350968555259,2.3003327315990894,36.296293422932436,356.4031274760557,362.26432146405733,0.21181616266906653,1,fatigued
100.33444816053512,573.0092337290332,388.5488279966086,5.644988920500343,43.20287924712712,365.49708967310795,35.25686582227232,0.5597704640711969,1,fatigued
722.4080267558529,412.9941397124212,241.2988724772816,4.862361314328386,15.964236200355082,276.9732481264794,205.63245302971842,0.11729431339136305,0,alert
1449.8327759197325,368.8650240089703,261.476227834101,5.276092506408036,11.189933270818187,295.75504620563095,373.83153122162014,0.16714805206824473,0,alert
1374.5819397993312,350.92456744760244,337.323251153257,4.476811118988342,12.476212466799943,172.9061012150656,228.02705900113662,0.042940886273938994,0,alert
1209.0301003344482,413.6778355511512,293.646557845572,2.7402055449261624,61.552433612334454,528.6301869570736,114.8253209319758,0.5293703625179318,1,fatigued
301.0033444816054,291.08336344503743,315.69664509370654,4.055435501066173,33.49198587375193,190.06678758325313,156.79528774916207,0.19757155655280606,1,fatigued
1254.180602006689,336.95580228324775,303.8965404362805,4.063801631502665,11.051645903262157,238.52998075593783,90.7737394900534,0.1295058958800581,0,alert
1439.799331103679,429.41586032422885,261.7570033740844,4.248495536449059,15.652201100017852,114.35147128115345,227.34905160865918,0.07113318087095172,0,alert
1143.8127090301005,435.6430206052622,276.77169841536386,5.193741669074621,38.572839042958655,101.88130786321659,341.8269311551954,0.19707185513314546,1,fatigued
501.6722408026756,524.3478487829394,352.7959747914648,3.5206014195870052,22.224181752139163,403.885828853626,327.8206358857264,0.1791108953049092,1,fatigued
837.7926421404683,494.8396491326974,334.08784695212876,5.739560444944857,23.964960724271116,164.00392245560823,244.6657555140248,0.0709236029807893,0,alert
270.90301003344484,451.5499761247975,299.144270644379,6.3013518622749025,16.507092929644585,293.6601395483975,264.1464775668931,0.1400349390825787,0,alert
968.2274247491639,315.3387422687259,314.35170511062967,3.5584758065475453,23.20594155372934,270.4088273662043,171.12017905637444,0.3310181863073895,1,fatigued
230.76923076923077,376.9680614520106,234.83620463262042,2.6121793499409,7.846848974451568,222.04500809555356,210.1130192568196,0.15594247045188203,0,alert
466.55518394648834,383.6168926701116,382.4156444634459,4.9311549248609845,12.908094512013209,270.3094464670985,343.27543887603366,0.07342341176445015,0,alert
1324.4147157190637,387.371592430342,354.0546264973775,4.0710479166609295,23.135422592057843,185.16859301171664,262.7756258309036,0.09592174096397771,0,alert
541.8060200668897,412.8775195361382,305.41330342703543,3.042649414481395,23.29731629191601,285.1537339498947,302.61554911812203,0.008364499616056675,0,alert
1364.5484949832776,458.158187607748,314.7117318193873,3.5344765403898313,17.625206623711257,211.95896999962494,236.41454467858836,0.08531945545768625,0,alert
1500.0,385.5475469629,409.66999896515574,3.113689141410301,42.51045996601202,310.428086206057,245.55675780631586,0.37996511687068923,1,fatigued
897.9933110367894,417.0073034283161,441.896536314635,3.07520517791235,35.67190897288352,520.2254216441696,189.67163686509284,0.25721332445043615,1,fatigued
682.2742474916388,381.14184542691476,383.18625395085314,5.584963907487608,40.46704747631447,414.5867747305737,145.0581936581013,0.3723725122047719,1,fatigued
416.38795986622074,489.82787797412243,252.50075591624892,2.049546705308276,17.710948921222972,473.50821423156515,347.5057741156461,0.14271083534645626,1,fatigued
401.33779264214047,364.79687719988044,264.560438443083,4.349420488959026,43.2058482432126,621.4572888148583,65.65446459401977,0.4907587993797433,1,fatigued
812.7090301003345,478.8625753457723,240.59315304553095,1.9772494201962918,24.95000658759109,360.3701846720482,102.43827532878441,0.1668724978437875,1,fatigued
471.5719063545151,395.1764934088317,215.76198292905576,3.2622729955502683,20.497287433512575,596.4304829826751,304.66364000875734,0.010888373524115091,1,fatigued
1329.4314381270904,337.6108409017575,281.63660821403016,4.228608908044811,31.638514438035635,255.31470426523657,220.97273832786658,0.045034480543305076,0,alert
903.0100334448161,241.93546169675227,337.90791044551474,0.6141225200100333,40.762643232308385,300.7165236922592,181.96154476737536,0.3887125434683682,1,fatigued
1088.628762541806,330.61974507624615,316.149666731017,4.102385765709488,24.23107050111083,395.1712119219316,185.15252644701965,0.03539857603438795,1,fatigued
346.1538461538462,367.7440122697438,265.21455972650404,5.264054796345723,8.41534938729171,294.16559051262624,242.96631258575937,0.055351142722724914,0,alert
1158.8628762541807,410.8229294790987,225.2315971978968,3.856943637461061,19.531524525411708,268.94423275235783,255.54782427172617,0.021587228017731885,0,alert
516.7224080267558,276.5381633703069,264.08224491191874,2.0951344837895878,41.77671615977105,327.15012383889024,99.5695155444464,0.36616824841807677,1,fatigued
1394.6488294314381,403.490104249501,233.46361893990712,4.488503972749074,11.068453357094494,166.750469331874,249.9488442837918,0.07163322345914003,0,alert
862.876254180602,325.94335366707105,287.524251399491,0.7955675776775175,15.511548880587565,346.7936037646728,106.15958089867557,0.08473812849711543,1,fatigued
250.8361204013378,365.9316476454343,241.2856063389068,5.406570837978588,14.911589330464874,272.4784716626035,248.96634162041067,0.3721412050274254,1,fatigued
1048.494983277592,451.0124340699069,405.6156280959042,4.808579060235087,34.96347851250359,270.6319601629083,297.2958374710052,0.3324578928988787,1,fatigued
747.4916387959867,414.8492336616593,252.33539151499718,3.5153372322062446,25.28054812488471,206.514075886439,461.26945494130297,0.07691637658469083,0,alert
622.0735785953177,429.3428546900135,329.04191773133164,4.61960580668956,27.36525902060427,223.8684648886072,411.1308443352282,0.20444496018499841,0,alert
642.1404682274248,230.6768038911507,464.2407673622156,4.441739132469704,30.799485767622755,397.74578254778737,56.03629659616303,0.5237953356934878,1,fatigued
827.7591973244148,475.400600998238,279.39243706298345,2.930629834633339,10.729883125731089,166.22569294612902,202.1135902320389,0.21139676151612913,1,fatigued
928.0936454849499,435.70002470460463,235.99858306810467,5.256546507888235,19.58024988314642,237.95755482438952,363.1375571923095,0.11078512520583758,0,alert
1138.7959866220735,346.1127611035347,302.16382259976217,4.133997980992712,12.474344899883853,153.80749805669902,336.5640458796802,0.15433678117636623,0,alert
1459.866220735786,375.34995326705837,278.50541489556974,4.855091821775108,8.995847030490774,373.4919571400951,288.0518255403192,0.0980284615766497,0,alert
1239.1304347826087,367.3335383713144,290.8629576280653,6.218710097937626,8.359694704434233,255.1818411253056,315.0765918957892,0.07944198073168314,0,alert
1454.8494983277592,389.5938874821362,303.22048067487265,5.074337526838155,17.63225303687576,186.8885112464532,148.7379271247979,0.0996046858761392,0,alert
1249.1638795986623,420.2490855480478,272.8206665977881,4.128302131498728,11.918231910090032,221.2762946041637,350.0732264796999,0.08931144103153875,0,alert
717.3913043478261,254.8606710631159,286.86379086581354,1.898664538478478,23.36897278637642,546.5215006456674,220.16717671601842,0.34195067629722875,1,fatigued
1259.1973244147157,429.3604759661358,423.94629427313265,4.232888823317413,33.279743125895784,136.17827470249074,259.23858171717814,0.4578892350887458,1,fatigued
1264.2140468227426,434.6855458560382,348.3094066395696,3.8600051783592972,37.02526185507413,385.0722970886396,355.52756741376754,0.3120555215562569,1,fatigued
1254.180602006689,464.79491072372974,241.91828648898098,4.747193419856179,36.63572250628533,270.910908323302,137.04051115198365,0.29154347791243285,1,fatigued
571.9063545150502,390.3819517609439,314.95413053908163,4.473655708302606,27.415782818991495,220.62115719060284,267.3664060486562,0.0,0,alert
1018.3946488294315,452.69010260174514,325.33361565107566,4.17640729790647,16.162462231068957,263.137198639904,357.67898893693564,0.061522308221657586,0,alert
707.3578595317726,465.3571377141214,298.5287363357658,3.604296123285009,14.24669442278636,220.18276120920487,378.85543887908005,0.05650108595469254,0,alert
190.63545150501673,280.87143394768793,277.24268220713367,5.164992504857729,19.409941781869264,405.36197549637524,185.1520783880292,0.25107849418962613,1,fatigued
35.11705685618729,438.37173645764545,273.3792875023876,3.628741707682008,21.477521396163326,180.22594494694312,346.87136459993576,0.11052350139379603,0,alert
1108.695652173913,442.31492028096915,369.1792515531639,4.194006375452737,38.33244664271234,15.874793357089914,232.3153703096881,0.28077646478955687,1,fatigued
95.31772575250837,329.3848149332354,294.1435625534542,4.656718816995392,18.164539957389845,348.70894766640333,409.7864796433932,0.02076922837092897,0,alert
862.876254180602,396.1449145292948,231.81640220106516,4.942685417338865,17.460931346361534,137.68593142411862,252.57692956693248,0.11935404659178567,0,alert
757.5250836120401,500.8923944197878,169.0056711145716,4.300000694136369,25.93872079507809,176.83240164345867,239.49281344521555,0.3253751627642871,1,fatigued
280.9364548494983,358.0391238388681,299.1669088803425,4.509750504339062,19.056352078266226,320.3543432102622,343.95092383632743,0.1635479180038597,0,alert
5.016722408026756,307.8358756513992,323.26156541045486,4.60917651022316,20.53576488142548,218.06967505026813,113.70686582609768,0.2817915589024932,1,fatigued
180.60200668896323,388.14850362095893,300.1395553246249,2.8978346625942577,26.231958790564587,162.44285979599294,159.30532648759535,0.47493068609886224,1,fatigued
752.5083612040135,369.79607036979723,191.05125158215313,2.6420774460899072,39.261820649973394,277.9060742614793,129.68867920186938,0.19667200828740516,1,fatigued
110.36789297658864,378.4591696212484,292.7956941948979,2.0293108955320793,25.474307321723973,138.63513174304825,-37.38702992497724,0.25150028915903405,1,fatigued
50.16722408026756,336.4708798308646,371.40832328161457,2.317885600869598,28.97000192386912,186.35636369529584,204.08328932866783,0.10186259313061372,1,fatigued
245.81939799331104,311.8479922318633,290.39487817296686,4.987344455369393,18.46003669593615,126.64626122778236,365.8853256719015,0.1056316617123011,0,alert
220.73578595317727,362.1438196292156,272.27689220864926,0.26452790676683646,37.860707697002795,214.58829465240706,102.67989636453862,0.24228909569657417,1,fatigued
125.4180602006689,405.5461294854933,245.36151242455205,4.142149026498171,7.860878571297352,212.21075801599443,356.21240337929305,0.10651643897416455,0,alert
712.3745819397993,538.1152467612388,293.7237212181722,5.072321311341929,28.909962697346042,358.3277509495678,238.60142496518,0.07377584976253379,1,fatigued
1103.6789297658863,515.7329283336754,224.87676234953827,4.1378980849297395,23.6331555977479,252.29776474297796,315.9174058723258,0.0835959578159797,0,alert
918.0602006688964,301.50675750882544,401.7676661813971,3.8492239032642623,26.36131853239687,331.65605903245347,59.33194958760319,0.03237032290875397,1,fatigued
1204.0133779264215,435.9062736162028,445.6979762299833,4.4958846126953365,30.137492540979753,383.0106696000251,126.28122270844467,0.3866440817232415,1,fatigued
210.70234113712377,394.217585880588,311.0234956998925,4.318286054045477,20.901207067751965,185.09914516308137,396.2881450183509,0.04707650553554231,0,alert
581.9397993311037,345.0624211167524,316.4419754719998,3.8784800728024633,27.863039548236287,449.2954826768414,589.1711563513679,0.23268326946832288,1,fatigued
1309.3645484949834,397.02373219691,393.39303593904475,3.438979119501938,30.74565543554445,146.54210582263806,331.94892437503245,0.0717576926960362,0,alert
541.8060200668897,354.9553575581476,208.6694225343984,4.398468330672194,34.95663754148793,311.0782634188255,250.88802338221416,0.23164166205678371,1,fatigued
1389.6321070234114,369.98915614206027,334.6889337249135,4.656651566147229,16.4099622392315,245.17194663442166,277.40742420661115,0.15223306623012897,0,alert
1349.4983277591973,478.8649296005551,356.9223200234501,3.624068830069706,37.111384914983475,457.5222821189709,319.5341857893355,0.2003237481837508,1,fatigued
406.35451505016727,351.4043661751658,438.9533429655472,2.5202817277820793,31.543958568328517,494.77131726466746,152.77641728363255,0.5296860388883602,1,fatigued
556.85618729097,428.3612261084293,351.04485980334755,2.5373305903147156,26.88547213581856,287.600121421546,42.102102028699136,0.10322117246011983,1,fatigued
772.5752508361204,414.65362366493406,276.1384071732402,3.8354207778176397,13.69816907692748,185.40937595639684,303.6938690423184,0.044260322357390476,0,alert
632.1070234113713,350.4731837434656,256.5784442738953,4.512903753145776,17.228020869009203,163.63987637087473,248.68746730388742,0.0,0,alert
45.15050167224081,428.25499448658746,223.88025334355365,5.176096030598529,24.817628830003336,339.9592225604693,150.17434785136743,0.1968521809673329,1,fatigued
1098.6622073578596,291.9876613622644,419.1866741610075,4.8550461382356165,37.936272561330775,51.81355088397163,57.91633301329287,0.15442708565623617,1,fatigued
727.4247491638796,388.348475001857,342.4719869020522,1.983236966840587,35.17048606105023,191.66889373214403,178.21962054371994,0.24188595954512823,1,fatigued
872.9096989966556,413.8345399665009,374.02354710755776,4.935266973552038,22.97760091668284,308.2702196496165,393.0762982628609,0.07887747461324615,0,alert
155.51839464882943,492.6139092254469,259.6235532831376,5.57068522362243,28.28694241664354,137.81182122525533,156.20924441060038,0.0939929678758101,0,alert
566.8896321070234,523.1621056242643,357.4954569854329,4.779395280046449,12.864873091462593,253.46861838111172,274.55139620910387,0.11005066849666742,0,alert
115.38461538461539,328.76259068932717,394.15742740584574,5.441794032308485,12.79927511036496,244.8279458470899,212.8392534293564,0.04099984515059242,0,alert
867.8929765886288,417.0575987408322,361.5093420350036,5.180788114738711,9.302046654868583,123.18631612739553,215.43128708510483,0.0916841716831265,0,alert
1289.2976588628762,391.4710773873801,376.76856256273817,3.0161336553372644,22.16557159986044,356.0001662153036,270.96190901100806,0.2331625011330079,1,fatigued
331.1036789297659,396.39949392098333,310.08416168146874,4.321515947805401,12.941646187644382,213.32643631907797,284.68935020574105,0.14195277226049943,0,alert
285.9531772575251,384.53938120743925,287.01036124859377,4.483112439022998,19.740519314922704,245.14114056196271,223.77747345237586,0.06499720912406284,0,alert
105.35117056856188,442.76834303184194,397.719249432083,2.6931039548856757,24.905225017060612,222.47112233431994,242.1775880422642,0.33139286423494085,1,fatigued
1113.71237458194,434.31300951872566,270.1819308474369,6.109228686533475,20.832381332175107,198.10283622742688,331.7167336621252,0.16163951575031904,0,alert
85.28428093645485,415.71236662976366,286.03799595329446,5.008036636729084,18.11965473893815,236.7396497334281,324.1568179188344,0.0368508008454548,0,alert
1500.0,431.4814420961806,316.97852218701837,3.9281450303089347,25.184842579843064,255.551616952071,281.491815407036,0.12907337948150172,0,alert
1279.2642140468229,375.78829635668745,281.465536524489,4.100477594375366,23.058902536055804,114.35423445065094,376.15609816140704,0.030844528416710135,0,alert
25.08361204013378,511.41383626047707,410.5345788842761,4.554106168901704,15.309702739901194,477.97822543350736,105.09207419989363,0.2549160583711118,1,fatigued
1369.5652173913045,420.1426188934036,269.5868607855446,5.684731199076969,37.932488988001396,365.22675266876365,22.769008696171824,0.1647255152345444,1,fatigued
953.1772575250836,377.67425239664897,299.6412311407522,4.80073275339281,16.570392443515615,247.598328576347,321.06856610326923,0.12802457151366092,0,alert
90.30100334448161,175.01330729637516,339.30219406961083,2.5891728532175353,25.037252557501013,485.8415213099612,343.3715434252325,0.43294323999102835,1,fatigued
1138.7959866220735,349.03202380204795,362.34274544042705,3.5576558198046313,43.745807958263335,608.8278239612617,258.50723565040624,0.5518215025691837,1,fatigued
1359.531772575251,328.206892441028,375.4396790523877,3.9411919288230823,18.687148543816257,183.41302574083707,398.6535728301527,0.15416784330837308,0,alert
471.5719063545151,380.3945923433921,353.07480543245794,4.915170880577868,10.990279940630508,224.9097615128539,114.59472951207132,0.07469822244767989,0,alert
903.0100334448161,431.2833673882503,294.2437083833655,4.624390700653278,14.908087193552845,260.67555228035616,308.2611063235627,0.021700595927522846,0,alert
155.51839464882943,381.5693326155192,233.52517459809133,5.322017134450212,22.759267464327667,139.0551277302047,123.88569827727163,0.5139243903142966,1,fatigued
140.46822742474916,437.2305052352995,394.3265019902877,2.409018920953939,24.392126374900293,198.01872774664835,14.863818174842493,0.13488832297143358,1,fatigued
55.18394648829432,366.97656751421647,425.34489388094147,5.138841269613739,44.583763122964086,398.4316086681999,213.3647122208063,0.3305947659375324,1,fatigued
25.08361204013378,388.293152152541,305.2797322488952,5.813757068790646,17.27861928893689,222.43550147223294,248.27403654709073,0.0,0,alert
225.75250836120404,364.00778958026456,310.44224718109365,4.309093501176631,10.579491402043084,146.5635839942646,312.8141979252517,0.01833949154444252,0,alert
491.6387959866221,328.6810472764552,369.27789220387837,2.868444393057045,28.57531028450215,635.2884669049635,311.97536868092834,0.5300729418126348,1,fatigued
1384.6153846153848,351.21850833687313,336.22375354747703,4.816448013185602,42.872185801162644,231.84586072572137,314.0018994403575,0.2986996013805058,1,fatigued
842.8093645484951,339.6656135193863,374.3838337492499,3.9417808036150923,28.937139629836214,280.90879656335227,279.7643294399732,0.1335074548892019,1,fatigued
80.2675585284281,349.3584439832788,330.6878837082734,4.576576356223425,20.647379058299236,179.5905625453679,385.9414820269492,0.0,0,alert
240.8026755852843,417.18091447842306,267.6700100436404,4.338345828853925,16.726483901867013,234.02715470744485,333.6256194869283,0.1381674320316042,0,alert
1399.665551839465,400.8224405266309,290.24138379383135,3.539772520462456,36.09463548227498,201.38945885310073,176.4463218334476,0.251996959381941,1,fatigued
938.1270903010034,359.87688911644034,294.7764521953257,4.966005333850137,39.83067458328022,426.44053109922635,93.77015766509331,0.31117220776822263,1,fatigued
15.050167224080269,476.15149282040124,327.4666619445059,5.448946501163466,24.670711175643792,252.5978817421833,279.76378798123335,0.0,0,alert
933.1103678929767,442.67124074260767,211.05646040509245,2.6685025721790945,16.835324889310574,538.9253758522357,237.96299858433736,0.42034188212809787,1,fatigued
692.3076923076924,347.43709496585757,216.57119676652115,5.96253628013776,35.20819088938751,172.52000972974008,155.53006851190605,0.29687796027947255,1,fatigued
311.03678929765886,419.8577398797428,346.1686714510493,4.374426516915119,28.97274455210057,106.79397527717427,244.8018271653678,0.30690316641283116,1,fatigued
667.2240802675585,451.40778706394474,241.0985116385429,2.9712083018048348,46.444320501985594,327.2710179624225,217.4076495151258,0.0,1,fatigued
10.033444816053512,310.42695349802443,268.9989936559551,5.714724534840919,25.45033913236191,368.1612468026005,445.97745149431114,0.5336697336156864,1,fatigued
1128.7625418060202,454.4475298483683,218.78030547009666,5.51736913398239,10.121927641887872,102.01860463743989,356.01874813225226,0.0910309726852217,0,alert
130.43478260869566,342.45032112888487,352.11498930750304,3.8072766258189934,13.64646891637047,222.62868831874658,411.9210414154226,0.014576055353429249,0,alert
622.0735785953177,328.05015693428595,379.1351126482939,3.2371146593070366,28.466630792704425,109.11847197370773,125.35582333347423,0.20498997141882552,1,fatigued
1319.3979933110368,348.7806179332855,285.32894105244714,5.757114371166865,7.12760751825865,168.968772747442,167.8623931671982,0.07380669482405022,0,alert
250.8361204013378,416.20419846973977,313.99084045191023,5.7942692664617415,15.55258365286202,239.85281393286743,272.9892146464033,0.04122636140937182,0,alert
1148.8294314381271,433.9798874467338,259.3057518703016,4.302750773797645,18.972574461820884,203.39120200666477,408.67285737565857,0.05050182886207716,0,alert
185.61872909698997,302.0164938060112,285.5376371256153,4.551322577031883,21.25013868379612,186.78470549752032,242.7109412236662,0.08651358234659139,0,alert
787.6254180602007,423.6916460455894,253.41409549112817,4.629385286586412,24.03637411555619,243.50824032415278,372.23182749255716,0.2682649120195996,0,alert
1188.9632107023413,409.3227157384714,282.69500050965786,3.8011521714828462,9.634353109178045,316.4407345611996,205.25379548945648,0.049462182457550075,0,alert
1374.5819397993312,469.3919052721969,234.3583986942844,4.393635266609666,19.920984893799027,174.89205846743585,111.27543110491564,0.27544701617418327,1,fatigued
877.9264214046823,441.3591624518012,288.79337821996296,3.4008426960766807,14.037460501032125,207.44057937088803,257.4375671552062,0.05668889281466685,0,alert
1073.5785953177258,433.27394016435693,354.9095792171433,4.122609286548244,38.09184196970321,396.52010839239585,48.26019116540414,0.5281498983557918,1,fatigued
285.9531772575251,354.5827922595013,327.95533754015327,2.3900615173348916,32.248279347632746,63.264567726074404,-50.377319004530165,0.266469730916955,1,fatigued
973.2441471571907,408.6590462925591,368.5405834771346,3.7432604217142162,21.395840463293474,198.08070692127347,288.8465705682488,0.10108689245249497,0,alert
1018.3946488294315,400.01601650013555,220.7750005682229,3.6954104826876106,44.067523946447324,346.6557272445411,219.1355008164955,0.42406676640187135,1,fatigued
1394.6488294314381,346.9227871101379,317.1508149580981,3.9521752544041115,30.8755764861364,234.00116831890426,16.07593281320831,0.5538770777921592,1,fatigued
1058.5284280936455,523.6169084729858,224.67357471813875,3.730144341851544,17.041550458859813,226.0194084424602,250.422985147399,0.19116799212157304,1,fatigued
336.12040133779266,450.1766448946012,300.56665803518075,5.552795092007882,27.805642597464896,165.7655415121126,316.115745239287,0.147602308209655,0,alert
95.31772575250837,364.7177789919865,210.51459037666876,3.4482572351466985,36.06914879902013,641.6052938622438,307.3576625088647,0.2916818746218508,1,fatigued
842.8093645484951,387.73059419985645,276.12744835752625,4.061123059548563,14.19379279212865,193.40306492850937,338.8434018553187,0.06830550317883914,0,alert
336.12040133779266,279.3937712868307,312.84533765857014,3.845689094569361,30.20241793861782,363.1075138148441,270.8506473501756,0.03544909910653854,1,fatigued
812.7090301003345,457.9297789503702,268.51235214033363,6.292059176788156,23.892594202232623,227.1748221048492,131.47015706939837,0.1112673457027603,0,alert
968.2274247491639,337.7130610644006,261.2422109402281,3.6062759969257834,17.311675314843797,228.19211986496424,185.7814223827276,0.12249823083206382,0,alert
762.5418060200669,365.99876392107547,255.64232791490053,3.8168887229158672,19.964181117696434,252.48776369228727,293.6069011104135,0.025656061948242867,0,alert
1008.3612040133779,300.15514981484694,356.4783584474602,2.790916399922348,34.67989350602589,258.4492520263306,7.967467459554825,0.1909628140051391,1,fatigued
230.76923076923077,251.92768172187874,332.06680967601204,3.589586321900137,42.749814714514876,303.0299955511538,231.03933774264658,0.37526818641298315,1,fatigued
928.0936454849499,416.9648714601517,263.0742034377841,2.700323788618043,44.63632394442944,273.02160880492846,133.93376819498147,0.2685953440770653,1,fatigued
165.55183946488296,427.34513069931023,296.9234306572873,2.244222775797535,19.194765623198524,414.6292587162202,289.30228523780414,0.4065185316036069,1,fatigued
516.7224080267558,359.88613653891906,302.1141267194134,3.5140770925455085,13.118379333766557,174.65529043042932,224.05655953448223,0.10217853153188564,0,alert
451.5050167224081,252.1500518493002,308.9621690429322,4.014035359002677,10.002228520741298,134.99045731517037,264.00310936465394,0.06351437468458335,1,fatigued
371.23745819397993,269.0127447955128,396.89321058802005,3.5147418136975253,14.322899400711322,292.785861998751,312.65009877034686,0.1586185247671765,0,alert
612.0401337792642,439.5353577199949,337.56112491057286,3.241323379831073,35.40328431953196,395.3596756218778,3.436513107677996,0.04074201757954776,1,fatigued
1389.6321070234114,273.91618511343694,192.63979214784587,2.284420827041117,31.477261469725722,257.02324555129576,229.16056664652797,0.3429773501760733,1,fatigued
596.989966555184,437.5966516343387,303.0383316634549,4.460138063395253,19.5449956784115,208.78172182087323,360.39119964377284,0.05167456533817236,0,alert
481.6053511705686,414.0709764954429,289.07778022511434,3.98775337588944,41.45897130464736,405.7266014386637,131.39047496527263,0.009106345220132428,1,fatigued
546.8227424749164,379.9433124338683,210.81565324423224,2.640551670485358,9.432020265146196,606.0920854435426,204.73364578888874,0.3886657556499734,1,fatigued
908.0267558528428,325.7948278131476,339.18693967509466,0.7551598168379203,35.743568005273296,1.5921785824511971,160.7964544176363,0.20225204555445303,1,fatigued
1038.4615384615386,425.68929754561043,261.1204153644083,4.1648759648355655,10.679506620958064,310.0800191173292,412.9917354426651,0.030974682135908566,0,alert
170.5685618729097,351.6767431247181,326.89809415307064,5.684473334039329,30.64882643748557,521.9473038689532,250.58553002438737,0.30841203924612287,1,fatigued
260.8695652173913,381.67091906367693,304.96162824629835,2.7410333170582044,26.825964345367247,395.6811700087809,253.37285693979138,0.6057735426732639,1,fatigued
205.685618729097,384.0710161484814,413.6090559017865,3.8559462361417274,31.726702570652776,308.4514340144357,178.09172307445507,0.4722311045911103,1,fatigued
521.7391304347826,303.4850898545593,228.61371050816513,3.185442903493112,21.974372832118497,396.676800635006,183.15499293135963,0.10863982914068426,1,fatigued
40.13377926421405,376.5262807032524,324.6193821526517,3.2548958257670053,20.87290508684645,135.84368369201837,286.18848204042934,0.0,0,alert
386.2876254180602,394.77924631165797,418.9945497490776,3.010203064955065,36.083440944375944,214.61008666167513,181.9708413442088,0.502622797914853,1,fatigued
180.60200668896323,410.4431797502378,262.85262614433697,5.0762194087733405,10.87260309721572,320.6620488445864,315.9520074598802,0.011376427560760294,0,alert
697.3244147157191,338.45678417830226,297.5003535496522,5.210059045512692,23.282589815672928,230.22497334252927,205.27269600220092,0.08587898920825372,0,alert
1269.2307692307693,451.62326302755736,311.4489379485546,5.3323115717752865,9.06146123955501,376.1009868508237,151.85569722004803,0.061776438273400125,0,alert
15.050167224080269,470.03478275318156,289.625866725546,4.528451455328377,50.764564230742096,206.65215112676395,200.0819382748979,0.1680418791891373,1,fatigued
1214.046822742475,419.36150783942395,246.42745535356863,4.068575754240988,11.64540815233985,454.3242153478624,317.4667470268135,0.35338334571706986,1,fatigued
295.9866220735786,448.77725635611796,262.77460754014544,4.39894771165324,19.68625136010389,216.65385534053763,261.0213479270202,0.09561931032627324,0,alert
556.85618729097,398.67430622753915,249.3911058672959,4.432300821690725,18.185597628154397,269.06597795201725,170.576643391234,0.21387800877155794,0,alert
316.05351170568565,471.21192308170134,217.17531832545268,2.5421067250016023,24.17734676306792,163.7918245954024,237.4853852559886,0.40763755463564555,1,fatigued
270.90301003344484,279.1868187861936,361.1539049284465,3.211262921269929,49.08430233420489,262.8045169510683,217.92361787254268,0.21870923764244682,1,fatigued
1314.38127090301,237.93663299654636,339.20061165442615,5.583253640931043,8.662565199418424,207.45860456283847,285.2803547231115,0.10342789099573338,0,alert
1128.7625418060202,433.499332447401,245.4184067369822,3.6026884757120126,19.133393250091757,187.39560462683357,340.60614976593916,0.14662728556162125,1,fatigued
1489.9665551839466,415.36497604383044,255.95563278979617,4.602699580503326,20.314939726502885,292.50197383558856,224.27819002375577,0.01568856601759068,0,alert
752.5083612040135,412.52464251729384,297.17944062270726,3.8537367277223673,13.246623790942824,149.79321843643842,320.5743221249503,0.0,0,alert
1334.448160535117,481.62056519658177,208.28439591699657,4.700105773507434,25.30563691106311,320.1942702610844,431.96599022484696,0.0,0,alert
1093.6454849498327,335.33585968431754,344.2960303461431,3.417681047446733,21.911661932498525,506.33742706882066,152.27843676624752,0.23632873956712297,1,fatigued
1153.8461538461538,356.4826441868654,332.2431658855571,4.342985510996275,25.402994996575202,534.6661188133514,175.69709275222039,0.2659714321566787,1,fatigued
190.63545150501673,333.59069755507846,318.5819154424031,3.5970273701812623,18.462804282627193,254.13898475111654,198.10582150027983,0.07800620056133235,0,alert
657.190635451505,443.2500479330215,240.5214152513846,2.1906408142445346,29.586722905225706,515.0093483063572,100.61644724417185,0.10172821218902961,1,fatigued
35.11705685618729,431.0713540486706,372.2299313409381,3.3286836519419465,12.97965612167798,387.01593796211216,329.83817710999307,0.10304589867034461,1,fatigued
993.3110367892976,402.9104359223,260.5971785976859,4.519822863291322,22.497966048214888,292.02483447666555,315.97354947612405,0.07021598216337417,0,alert
275.9197324414716,330.6910873568418,421.54346165019456,2.7580086286084526,20.57550696790528,318.4679166587078,243.69683552655937,0.21440606536559204,1,fatigued
732.4414715719064,338.1524644560959,316.49692107435817,4.630736735133955,20.913937270480517,66.76473190588271,266.8999014496816,0.10262602363413119,0,alert
852.8428093645485,407.8141186830669,312.8678496220021,2.535230703565446,19.59679333233541,328.11805752381514,320.21898244183245,0.3800808789620662,1,fatigued
1163.8795986622074,258.57010026553525,324.79691992234046,2.2329110061260105,18.220623394471176,326.5539408422631,324.3305181255507,0.44985112243219016,1,fatigued
737.4581939799332,333.9771693457862,257.705409615269,3.971231947352674,7.5416470580945045,276.05919467435643,349.0010996975904,0.0782442311789013,0,alert
602.0066889632108,351.33278783830224,323.1408564181384,2.965339927019092,24.680823677688092,261.0439236824125,319.46978168024356,0.603791122331276,1,fatigued
240.8026755852843,371.73961918807623,251.21757508102027,3.7635879813738717,34.68038926564253,428.26106770770616,293.9448481938287,0.26080093773757285,1,fatigued
125.4180602006689,423.7695292140168,348.5691067013376,3.3044348062174165,25.726271472986898,401.7718070443996,86.25287392772165,0.2529058276424409,1,fatigued
1068.561872909699,419.81944712731155,309.51090135779066,4.209506219908343,46.75562483883484,112.80725372232598,211.72044520980026,0.08573540263592722,1,fatigued
617.056856187291,329.90744686038596,343.720692792946,5.020284865815901,29.853622151671182,249.1900986295721,233.22991401227043,0.09435481184666897,0,alert
1013.3779264214047,349.28229824381185,262.3478208380778,2.616200486113489,32.4451884138094,345.8789521699977,53.926076933542475,0.4891502049378395,1,fatigued
481.6053511705686,414.8060138532288,222.9089461909105,4.728293115569483,27.786119161097133,275.14458897926613,323.34079827036385,0.06447223623997386,0,alert
717.3913043478261,409.2316929266152,295.9895982219245,4.518263735147584,16.768949182995758,291.43877648718046,311.6660257374814,0.05940846347015537,0,alert
1198.9966555183946,442.6216667398112,274.0398658714583,4.350207809042144,21.207036453865392,264.0926671629891,399.74293608073475,0.0,0,alert
627.0903010033445,485.704322581841,346.20159154069097,5.344926619506589,38.13618466897138,478.3123283829113,269.92850998086374,0.25544674611603313,1,fatigued
486.62207357859535,413.05276360899444,360.9242568374436,3.624220496530288,20.845057167602057,202.58352734868092,424.0246828798189,0.175918830230283,0,alert
120.40133779264215,381.7972714249637,195.16693730832083,5.655104628636954,9.432841303350372,483.5040546311135,427.7320420095173,0.2632276671557365,1,fatigued
1399.665551839465,380.73432015691196,351.4689319443118,5.331875291413659,10.378464096705375,193.75250198059538,231.5305314088301,0.05298864410891531,0,alert
1469.8996655518395,442.48010485105124,315.01479473791267,5.318506913311971,18.918691604855223,231.07307819182222,326.9938053515326,0.011670012933153853,0,alert
887.9598662207359,288.0964771873075,384.7644080099356,2.4986645322373366,24.484576384258,66.26589756075782,52.5867402481085,0.018956039495698573,1,fatigued
612.0401337792642,470.13971554680495,288.7966133184417,3.556270204526001,16.853872446434103,215.77007331645453,344.34602542026425,0.015635418455611616,0,alert
918.0602006688964,424.12362076215925,309.15586361402507,4.927410021698676,29.460487901365045,183.6571046197997,302.7051497205122,0.13174360834296553,0,alert
1013.3779264214047,454.1525621587638,237.06445917813863,4.567284543858689,29.530248228684364,291.14224927977983,324.4305027993239,0.03245480474000233,0,alert
115.38461538461539,358.9687336633386,306.73922876396034,5.077996082955118,42.69290807681322,373.53687755875353,205.63218824724436,0.07438056972560406,1,fatigued
1234.113712374582,376.2527344419522,325.9682457231243,4.7024180507354725,10.422349478628789,188.2829990950146,348.2638340847701,0.08001242389509183,0,alert
1063.5451505016722,398.40566073531215,294.8881349539362,2.422852469141432,48.339465227062504,562.565236922326,97.22021151089612,0.5182304858295652,1,fatigued
787.6254180602007,346.3390565055157,310.2531629947871,3.023370449783699,31.20349319016267,291.0809057597505,445.0491248172493,0.36280900703203384,1,fatigued
892.9765886287626,433.30500007273696,331.04773033676025,3.6506312739916478,40.72843704325777,489.9667446312003,-49.07056108942399,0.24563142863783782,1,fatigued
998.3277591973244,259.75357585921455,273.1073164370346,3.644794685283611,34.810445057428566,293.63249255661674,78.0945407612026,0.31011905515380045,1,fatigued
1148.8294314381271,447.9281688594515,274.03802744505674,4.482539622738262,29.570785286847016,203.3297114868852,257.70897112986745,0.5318691552880214,1,fatigued
441.47157190635454,345.6604463761071,311.90413154068074,2.752655007030974,8.537879495575126,452.0126961847327,353.0468885598818,0.5692824112754935,1,fatigued
627.0903010033445,509.5227812904989,361.5884200889557,4.371211664553124,19.617942018044193,101.47200601876773,355.60336460002543,0.024836924504814603,0,alert
1409.6989966555184,303.4279268083966,287.34658753826017,4.826824200128121,30.330346270804903,513.0740780584924,221.06434754943174,0.22871012923612116,1,fatigued
1118.7290969899666,319.3642064405174,325.6769400866922,4.246013007692238,10.141970523617099,169.6474199596596,323.07572388091376,0.0014707760528532843,0,alert
210.70234113712377,393.86733314963266,213.0802978670786,3.3522176023721593,23.54815603479671,206.57200300343402,81.20506489375833,0.21642359985904963,1,fatigued
265.88628762541805,430.5838144420434,292.80276615164576,3.725431863880831,25.662587624439556,242.44339419085432,222.1183752172098,0.1351492504166001,0,alert
1098.6622073578596,404.09370696931614,333.8124205517305,5.245836262545746,23.303926376045673,250.47014537737743,249.51595406011097,0.005644496308791658,0,alert
647.1571906354516,374.82621729419003,220.85672311095988,3.955186692218381,10.863244608809566,255.99572379977226,339.6941572585554,0.19750084725323563,0,alert
1219.0635451505018,337.91721258659356,261.09333335552043,3.0713962728026263,41.646013828722666,199.94110999198142,35.39082448837934,0.3436313998406689,1,fatigued
466.55518394648834,270.94607963257516,418.2724002601611,2.187962029383227,34.6157096922653,330.16347143764204,326.884196645387,0.4051539236310234,1,fatigued
737.4581939799332,273.57490994088084,267.64194968717936,2.2952850827403593,22.16608749406352,235.35435748916709,221.41719966624677,0.6940516222261575,1,fatigued
1229.0969899665552,467.77221694029566,251.14285689042225,1.922770332221199,38.491121703203426,380.7071782017102,299.38756282215473,0.0,1,fatigued
476.5886287625418,327.0414257762713,370.9903890060983,2.2818856389710223,44.07411424823526,159.82156748813026,162.18959225670696,0.3039840613656422,1,fatigued
1334.448160535117,337.13588295581616,373.61306595000013,3.7230059620282554,20.338446151022872,369.77970946674134,238.34296049395465,0.2583673489059651,1,fatigued
511.7056856187291,437.58063537185456,285.1518712612508,3.7197600294814888,48.144289837563136,365.4126251019278,90.04148971118963,0.3025223620862225,1,fatigued
431.438127090301,266.0834278039884,280.9652012657864,2.376004720563051,29.377526622101147,233.89175820954458,498.222790001467,0.3774408818930893,1,fatigued
1404.6822742474917,302.8992859031511,360.93570815786467,3.6168240976004036,20.521266227181158,616.220282392205,236.20400106820827,0.3389688088502537,1,fatigued
1474.9163879598664,417.85077429825236,346.6892974916055,5.467511293726269,7.442037598809984,312.52659715407253,294.9237639766382,0.14234670724521611,0,alert
1003.3444816053512,464.1558094178335,169.25854704685943,3.2453853056385094,32.036930905129054,493.4833186187788,33.374893540254675,0.08996893939742892,1,fatigued
913.0434782608696,475.52875224378977,306.0159510236841,2.5717617865713893,17.85963188616594,293.02962694425224,74.89067663953085,0.5350144542721593,1,fatigued
576.9230769230769,401.2702583721639,334.5909643119518,4.276982114541919,32.766209698345634,320.8866949539895,181.02153867532155,0.2189226246509955,1,fatigued
561.8729096989966,403.01151049705135,230.96486231689698,4.118556639233735,29.451565235751595,303.4124529410388,341.8176844003011,0.11828306608644543,0,alert
897.9933110367894,536.008458329481,350.38087101455596,4.9344704682854745,22.10133045268096,329.56058281281616,249.7865781097366,0.10442313722747211,0,alert
607.0234113712374,328.19665554918726,533.8944251952557,4.314189565421186,23.26616391129697,329.9612641210041,404.38071319016456,0.10068443083625075,1,fatigued
837.7926421404683,405.5721460735182,358.8352181367743,2.235982893259851,31.73858838912145,357.1506356803544,356.4209518321711,0.3416141982732174,1,fatigued
747.4916387959867,453.7320089539568,466.63320796524437,2.6530527562212254,20.13693549953271,286.2299634681464,23.104144154947306,0.3550629870007453,1,fatigued
366.2207357859532,392.14063937989926,206.4216547634669,1.4416580413635038,47.950425889980195,574.9355636729251,298.41898241065815,0.3121376779180155,1,fatigued
70.23411371237458,439.26594763361004,386.3246100132627,3.741179151589706,23.580407410193946,293.00984032978187,283.14269069813736,0.09013776553582378,1,fatigued
757.5250836120401,417.32241047484877,342.9814044225557,3.5538207760685667,19.374821200624453,111.88117374519882,302.80574216075166,0.15571529004283952,0,alert
1414.7157190635453,407.50303052399084,285.29141602396817,4.178990523335763,6.323781009299015,589.6477752787539,-21.255230017689485,0.18150963921582378,1,fatigued
1168.896321070234,367.4199826197091,245.50427101068945,3.9625417044271103,19.72120580908388,185.0153536858637,258.7774152016007,0.11032820954999761,0,alert
30.100334448160538,307.9503412281705,212.53140723043018,3.4738653997162694,35.34639918359401,409.1608058468526,106.41764645340334,0.485560495273311,1,fatigued
1249.1638795986623,348.6389888064696,377.6707880339985,1.3434321075418318,9.56308403461884,335.34267476815984,28.021782257034573,0.3340942285860882,1,fatigued
822.742474916388,448.1688064622161,294.94523776391264,5.304491328399973,14.825354351581208,291.7942900998695,370.78961825927763,0.1133362679602069,0,alert
85.28428093645485,300.452050031319,335.54419123003726,4.362277779586789,-1.1537115792162567,212.30053455094912,165.90138824854432,0.3767647478576298,1,fatigued
682.2742474916388,360.83733538318813,373.2876995507081,4.679220814019713,9.645406021985952,183.1958401875436,213.1414194455453,0.09522437968967441,0,alert
551.8394648829432,279.9673812824226,346.13995462888687,3.159880901045704,17.220377716964,252.2585775572282,27.690857135776696,0.3031683193747617,1,fatigued
988.294314381271,407.6862552972764,291.4347594862376,4.977050488160837,5.010795892807355,161.70315768936092,232.55785206326038,0.027087520926336935,0,alert
1344.4816053511706,290.6780448041073,351.42249532596423,1.1152760393417793,32.5459051477813,369.16415538115075,216.78646794069527,0.4380927108268312,1,fatigued
1294.3143812709031,422.1909714073114,317.75034640702336,4.11344386900332,22.890592921949565,297.38516524496475,392.8594780592052,0.0957536797401155,0,alert
1163.8795986622074,402.2785919951907,297.0264090608708,3.7971014632735525,26.682267614351883,271.6284093015847,278.6406275878587,0.10858146616137315,0,alert
576.9230769230769,415.07736711668065,266.3181058549551,5.272311317411565,18.187464700775887,141.28982605899043,503.5175297491403,0.0474395720159587,0,alert
602.0066889632108,439.5515973521523,392.73365661968944,4.715461238224441,20.137012928212997,223.39899549382642,287.9289287376435,0.0,0,alert
943.1438127090302,332.19918442466866,249.99710767017652,2.8379738259445633,39.82249257119646,219.80666513084702,221.72752913252987,0.4595377750435657,1,fatigued
381.27090301003346,251.3871178305553,292.68502196164235,2.9925842970055436,38.526710434382615,303.6246554909892,208.78363892020334,0.3708737385028297,1,fatigued
421.40468227424753,203.05104709363945,268.7832148068565,2.7153564945660875,27.95569672587978,483.7670551664502,272.37136219386,0.3340034818410385,1,fatigued
1123.7458193979933,376.4034067105283,265.6533379555867,4.18814823501946,26.800589193806577,157.31144835873798,214.51929085687834,0.0,0,alert
1339.464882943144,243.41136339256425,217.56075139236182,2.615578360303583,25.84191311079961,479.661341653023,398.4340722190742,0.2655063236479633,1,fatigued
782.608695652174,450.950991207784,112.31891957373418,2.4384973311028775,16.3883069795517,481.54005504816735,212.41257551697277,0.5047074314204691,1,fatigued
235.78595317725754,313.7202380175803,292.41941497627585,1.9187830996565913,26.30119787450821,546.7756694403206,225.52877310291925,0.35994607469348067,1,fatigued
637.123745819398,371.6851135198614,330.87231569992974,4.74330719375317,17.720187960309566,211.35474665670307,369.6711453214579,0.06283974668719336,0,alert
1454.8494983277592,232.3049710209525,233.7487653567627,5.119672866304287,45.6038447966284,478.8893133802221,283.1429101084924,0.35541183881936456,1,fatigued
1429.7658862876256,302.3956100238749,311.16992638351513,5.7926951280152235,22.644627127929297,275.9554499123854,177.97139503745484,0.00675725444515049,0,alert
1269.2307692307693,270.72354310395724,387.2935439218043,5.1252074725912555,41.639301575958655,666.5023517059751,67.14118198370579,0.19543074009017652,1,fatigued
215.7190635451505,384.9448152205356,277.1875571082992,3.4477999328173254,16.404944817323702,159.114596158428,248.00326203896097,0.08557069406846689,0,alert
536.7892976588629,408.72889064159193,293.5929231740418,5.728355927389055,20.811030810091818,219.4528602013478,393.7274920928692,0.012393951865411687,0,alert
1324.4147157190637,329.6589285045769,344.7404719074342,4.76769968051439,37.31958506060957,464.59015657946554,155.37705412656013,0.23941165629762556,1,fatigued
722.4080267558529,509.3770059974899,492.00373647591414,3.5601306765151546,34.75489245697571,430.4023216915388,80.58218217759446,0.4305408819336534,1,fatigued
667.2240802675585,423.6796215317591,332.2894015108183,3.308191477033512,20.883175638216446,309.4435682109971,352.0972572306813,0.07364309874175186,0,alert
978.2608695652174,421.8011284212606,141.4832999511546,8.011485247723591,9.3198896270146,591.5700252078298,160.92667374217956,0.15552626610677908,1,fatigued
220.73578595317727,326.07390048162864,278.80327624717546,4.327979855139839,28.079821976285995,181.04334729603957,237.84515577467536,0.08959138351984403,0,alert
847.8260869565217,362.3131917821255,274.0881791709894,5.76871399059785,19.079023290384296,166.91183715838594,318.27134977409656,0.14802620581202386,0,alert
326.0869565217391,467.8120014285412,281.9450787651374,4.574501159384328,25.640703292696838,135.17713018570117,260.30707100172503,0.0,0,alert
1419.732441471572,338.10922505865756,402.1811786011978,5.23091261394835,7.576996378260938,196.02182886312386,333.2039174582722,0.0,0,alert
426.4214046822743,374.91214782077316,306.76772039142935,4.9990989011206715,10.049811864844743,140.12602278653333,328.5173925084201,0.09680966952917641,0,alert
1214.046822742475,425.24936394902284,323.84118800618774,3.714094584906391,16.09966647780484,230.8612935222224,284.9036514179227,0.048554696123924455,0,alert
933.1103678929767,423.66188122867726,270.9042202090863,5.083745508184233,23.181700724191053,298.1044773639279,247.47678918911248,0.12350574721087983,0,alert
130.43478260869566,285.5349747752924,352.9043081285608,4.513755642490027,32.094662789175636,339.687500680549,99.88123454101014,0.43444267147940585,1,fatigued
797.6588628762543,432.8276804316915,246.09549483350182,4.990216915586294,14.776314007483364,231.00159518674934,359.7914992790332,0.09339433484774959,0,alert
60.200668896321076,412.0981135783017,337.14373570446133,4.695978038423874,18.496302102264533,176.89556406584816,229.82243755780365,0.17673323769532545,0,alert
175.58528428093646,338.95781750144886,293.38241783240375,3.3416003296939616,13.987674653884334,318.3470083266441,168.37078529132432,0.1016902115123661,0,alert
140.46822742474916,369.9680655040597,328.085391767347,4.539007438602086,26.393144175406043,277.8327470076946,245.78054047496082,0.0740847120629443,0,alert
852.8428093645485,355.5242785187238,287.622673628176,4.995426354818833,16.718476526724896,209.62323640459462,263.2747530581214,0.11561340333685172,0,alert
712.3745819397993,319.6258382719386,206.96510549820556,4.062626995613025,23.472085000587775,246.216290184781,274.42510261279995,0.09614761647470645,0,alert
1183.9464882943143,298.74287066711963,261.28139856222214,5.585350344969854,24.136822933547844,205.0785324289872,206.2422306597552,0.10354495803072603,0,alert
817.7257525083612,294.3157056280761,329.1537816755738,4.117631412531537,22.35939593920541,473.0589837440948,298.79358988132464,0.34459294067184243,1,fatigued
983.2775919732442,413.4718576710947,264.4974778926028,0.7990644726016938,37.839832317474645,446.01513291775416,180.27977529375306,0.38336872566949604,1,fatigued
1108.695652173913,306.6367403704126,324.4512086570971,5.4865432081299055,24.12218183336228,284.35044023858813,261.8317325691258,0.0966426162774915,0,alert
1224.0802675585285,207.73256641030045,228.27752219932086,3.6888684338658724,28.09918088863889,518.9445385025399,393.0537026881248,0.08735248448739047,1,fatigued
476.5886287625418,326.8242525933941,278.8870956552883,4.283317492480207,15.31339824268427,214.06662080853144,209.31885067030436,0.05779933820707234,0,alert
255.85284280936455,380.74588597918415,366.39102976272983,5.28859552068343,19.11233237908578,270.0117376965355,265.7428374876124,0.1865186535565707,0,alert
1204.0133779264215,360.37396307836497,337.60614504293136,4.465375403243297,15.214618979840049,259.77287612004477,272.688554702377,0.03831721213465651,0,alert
1038.4615384615386,365.344270502369,144.58254571756981,1.9439167931515706,39.13210993048871,332.06948365880015,-36.220505612566456,0.48992167401591746,1,fatigued
255.85284280936455,512.9176132582414,247.61333438271663,5.187623670257827,22.196148973296985,295.68197594500964,266.0957086728396,0.1832005465951525,1,fatigued
1083.6120401337794,447.115240037569,254.93696509161282,3.089323265400941,11.777144715544487,236.5775811676853,154.06193724644376,0.26602217530446054,1,fatigued
892.9765886287626,386.7671583381022,438.5496363804857,4.447896599629968,26.004558743805866,183.66306761578815,349.8817628703572,0.03362733993058346,0,alert
802.6755852842809,414.93908413868076,233.95780357805967,2.6625428464708816,23.328462729626864,560.4439741154125,238.64987729203824,0.4049860335193195,1,fatigued
1133.7792642140469,292.66392990885487,415.2527477593893,3.16052514825365,20.68463937262099,314.26809523199137,58.85919961342631,0.17669442745561775,1,fatigued
205.685618729097,408.56841405949854,310.96592451713605,5.668315067702575,22.234743969680867,207.7851783938583,404.0576117668821,0.0,0,alert
1274.247491638796,476.95551883091207,260.66240846108974,2.1613001750101954,34.04381824230682,100.78989321425215,156.1392875617681,0.43862327345430047,1,fatigued
1113.71237458194,416.6218292921509,316.2869970947021,3.066363244659982,45.07589758396385,214.46357554198295,194.61283638529557,0.4340908260262068,1,fatigued
1033.4448160535117,425.75176336043296,273.3422734092509,4.655493640143599,20.676643430375417,134.6913599954894,327.0801590841912,0.08007232852173346,0,alert
461.53846153846155,541.9447698629482,273.0157883200171,2.8044026134278788,28.960954141137968,330.38352773273084,346.1833654105107,0.023431712029600704,1,fatigued
1414.7157190635453,479.3008408072676,328.4751839747828,4.157392390237245,22.509899636013877,323.6178310740043,174.66957381782984,0.0,0,alert
290.96989966555185,482.5315036003015,347.47638327272006,1.9432615980749683,16.776355213163022,399.5618549225308,219.25875487681762,0.4563567285741936,1,fatigued
486.62207357859535,381.53182219326015,289.0179873628124,1.1569602096790663,36.418987333130765,533.5847040826776,239.91290123890371,0.2551583073648701,1,fatigued
1274.247491638796,324.03150170229935,315.1921197933841,5.494352973592898,26.852090960818217,253.93057873789266,315.78418196674863,0.0,0,alert
1088.628762541806,388.15906966299957,256.0100139840652,5.122741556936406,16.654287217798487,236.11553673179543,293.33497758453467,0.0,0,alert
20.066889632107024,388.2923312638332,299.05942827161334,4.789404432256591,18.14659440811942,222.93160421954227,268.087076423255,0.0,0,alert
1284.2809364548496,463.34555745933113,278.05771991673777,3.91735109882704,12.871097928933658,265.20049726627195,270.3786039760616,0.051426747587320465,0,alert
1319.3979933110368,469.015069999194,238.87389968318496,2.0321308286876967,42.90032529794189,495.29698866678496,174.1268505718373,0.04290963027214434,1,fatigued
1168.896321070234,351.4376639354713,333.34815050821635,4.446360669885303,51.02560995853696,178.92314867153647,29.24300896859924,0.4780649390714119,1,fatigued
652.1739130434783,325.2296139391997,345.5224057608591,1.2553540958079372,29.01842430356406,400.6508904885165,302.96170343625744,0.4207112916641768,1,fatigued
501.6722408026756,329.2314628974793,228.2507553542535,4.1340938856366725,25.396132619516013,179.91457278141706,267.19724912266116,0.12181726427064414,0,alert
1133.7792642140469,403.21400095477316,226.76059029525769,5.605700502011499,18.815812791434197,343.37242779641934,242.48255884201663,0.18803067089065123,0,alert
742.4749163879599,364.87036873783734,386.6037471572049,2.5705496871890183,28.782680945869377,289.59901086688706,371.4629249376281,0.28539200898183514,1,fatigued
1239.1304347826087,310.97793887655035,204.58247356160183,-0.2893631650808679,21.935281831790036,530.6503117062184,144.44725855696902,0.28672460762067786,1,fatigued
1359.531772575251,336.13701628075194,353.6519925313545,3.2176391446974373,20.397428005009296,510.557886014613,218.93137271525234,0.2775116432664308,1,fatigued
1068.561872909699,432.5695625652899,259.15963520812807,4.637588343558102,19.974091327835627,349.90014069406504,339.3195174005295,0.023605813933468126,0,alert
295.9866220735786,424.61528485800994,345.4001703189456,4.0472534686803225,25.647512170681097,212.6362407868151,465.50372472766907,0.32609826376416645,1,fatigued
857.8595317725753,359.2094857517281,196.4135475868987,4.106273256874013,19.86224496333873,322.70250880854064,254.32229117297186,0.0,0,alert
491.6387959866221,400.255672832123,294.8457069636322,5.146818913444831,13.57292606130322,236.04353884431418,281.45555953727853,0.11365516687647433,0,alert
1464.8829431438128,370.53176215278944,321.55409215858765,5.2466722827124075,13.391794136292718,186.1451440805567,268.7907043103352,0.11733242864260413,0,alert
1078.5953177257525,437.9484610246634,333.992605162159,3.46010773887412,19.189766014797353,275.67040768487425,273.66267023870876,0.06837043167363178,0,alert
306.0200668896321,390.71705116680914,368.973251085116,4.117198741131726,24.97491518079459,224.56032348474469,227.69518245965236,0.12864849638958692,0,alert
531.7725752508361,498.7292822828772,531.1820818981544,3.2032803008438866,15.775443018654874,428.6690337081421,137.05195834795387,0.0,1,fatigued
235.78595317725754,452.8561113109458,236.664130153055,4.461993593437532,12.848551580712535,173.8016061364815,301.1254329873626,0.028029509107129952,0,alert
160.5351170568562,399.3251387631033,303.4112051187177,4.3893944709947075,8.311916597502536,214.70307709892472,302.6217399929347,0.1371881980347947,0,alert
586.9565217391305,374.7093908299342,143.55247204393487,3.7424797767810234,21.68629349825801,367.01432595593076,476.9499500739333,0.3974635196023005,1,fatigued
1339.464882943144,328.49293110196834,254.6361160087168,4.734119752990917,20.38345472031416,243.68029178937886,267.6879931297364,0.07194325026882176,0,alert
135.45150501672242,469.1457355735098,305.33567372505166,4.909771098637057,34.941405934135375,263.3946852673902,291.68357378874316,0.3647477073693596,1,fatigued
1003.3444816053512,417.88936801741414,341.67798963892386,5.156798664183198,22.988060659157913,157.18534103908362,304.5441069491491,0.039489303501537114,0,alert
672.2408026755853,354.02878828830984,367.6060673443213,5.22040894612795,14.100881226203756,228.9200474321267,256.56572675254216,0.23866060082102208,0,alert
135.45150501672242,418.7849009172836,335.6248212283321,4.411949155930246,19.263271250387124,211.17987990229068,388.02704697905324,0.1646559427847762,0,alert
1123.7458193979933,379.5523184936763,340.7322096969623,3.4101029813380475,33.12126126027651,264.368335659033,119.58617594549206,0.3430747314761559,1,fatigued
1028.428093645485,628.7934844804289,296.1605981758113,4.200695001026118,22.553053476956155,161.5794787750669,261.63373570773155,0.334037284191805,1,fatigued
1153.8461538461538,363.48166841414314,328.73666064498184,3.558884642276006,18.928143292701638,238.44440186854604,264.35738123397033,0.1284273557982386,0,alert
948.160535117057,493.7895889358806,305.2356569038484,3.759586781689114,50.12582221887696,132.31210795259383,356.39336447792766,0.2457693249626064,1,fatigued
1304.3478260869565,353.65347642109583,313.03986856033856,4.64204611459591,2.0035657107585614,211.69264096097356,394.7975170559975,0.13105387773007832,0,alert
391.304347826087,541.8884975383712,209.60456502075635,3.225882960167845,32.57426899788463,405.7755219492625,343.0048996528478,0.37953444871801045,1,fatigued
1444.8160535117058,414.0495933867516,337.36511174449106,4.913458381484617,20.30031259414731,128.46062112579432,302.3422157293426,0.052805095458619195,0,alert
591.9732441471572,547.9777431333213,292.76502770686045,3.7725567578595016,41.535778390582195,171.95870487020585,178.22611169029798,0.22752303979830993,1,fatigued
456.5217391304348,416.9738132865554,258.270416945187,2.6310923362700143,38.35683525032585,235.6328222863905,300.73622054220857,0.23402307630164723,1,fatigued
993.3110367892976,432.03600740289113,400.0059217320146,2.955062976719573,25.90449041768285,316.1904387630717,80.79695605016592,0.28149629020978795,1,fatigued
692.3076923076924,440.6758608684835,223.34779022901805,5.6658321111238035,18.346710911359832,196.70939088752627,424.3767443470201,0.14514717949636083,0,alert
311.03678929765886,344.6832512996986,295.10579331944143,4.477072710848801,18.17912701820882,252.32535954678215,110.30318178089408,0.1276093232331328,0,alert
857.8595317725753,341.02171487091584,201.3556439024842,3.850064044261781,36.69070810853465,329.48579527749,140.29149939377515,0.20133801901447623,1,fatigued
642.1404682274248,404.98256825438204,347.62910190823146,4.122168223783447,20.681107836382502,147.41831542953355,284.74988573691826,0.14605757809991426,0,alert
1419.732441471572,376.1078118743639,364.8903028216222,3.646468395390028,39.64101210053229,181.0236474577767,93.16185823761539,0.2181129285215122,1,fatigued
1103.6789297658863,415.1600984496181,362.8379904868542,2.4374011348695235,18.4484518643764,405.3568249738059,152.01211254426354,0.21492951164771382,1,fatigued
321.0702341137124,440.6262911197099,331.05647962700004,4.001007952125985,16.46158583427664,230.16164944216467,331.5790727964703,0.15826041457268913,0,alert
70.23411371237458,313.75410837434833,358.74654632194483,6.212026385731779,16.42822680567829,202.30301930247833,274.2123519910111,0.06388816112565006,0,alert
782.608695652174,493.28872555723785,295.1836338020449,4.845322530616622,16.84667557405133,187.22533310485102,291.792268338873,0.0,0,alert
200.66889632107024,436.92332899977055,263.0000821995106,4.26495071049691,9.318173607974634,197.25233554075078,278.0739566464555,0.07228774931366416,0,alert
963.2107023411372,386.82545140520193,306.7882464016319,4.221848659958084,55.098170201927275,404.5058943572311,230.86387644271127,0.2841127095765002,1,fatigued
396.32107023411373,380.5439875647998,361.96889672737086,3.8753298217032763,27.266185201181056,245.3246136871403,189.95384481809455,0.1530482301526082,1,fatigued
938.1270903010034,396.3585543671564,251.33033983735223,4.821426055459906,18.43273495415908,313.69067180361117,294.08117591109874,0.11097069722689751,0,alert
1083.6120401337794,361.3587392731214,322.5412734430971,4.686935186108482,31.42049351142965,223.42078749382506,303.238623139831,0.06412910952136336,0,alert
260.8695652173913,366.1538999847021,338.59468304409086,4.311777916611619,9.490763454857335,100.37586144571267,218.54121892704072,0.008381790094611208,0,alert
185.61872909698997,503.921612119615,371.95353785811295,3.7108054013875456,31.87510148096228,320.6339897302514,244.40733383227465,0.11341116435284901,1,fatigued
1479.933110367893,365.3545202369673,277.0492620515364,4.9540969213127495,19.642848427762395,340.36557328954734,227.36214677828266,0.07545414280787241,0,alert
1259.1973244147157,445.8930973527388,292.99452440735644,4.111166016587822,4.079659318377711,322.13289667811426,327.45127236716354,0.027972187057345985,0,alert
807.6923076923077,412.3435803969358,316.42653710525195,3.8806519814256477,35.01494614687773,586.6475303205045,198.66895952616775,0.33909749735031364,1,fatigued
777.5919732441472,409.0905506099974,350.09718145918265,2.6841643625839247,12.0559660299296,606.8863631852162,-36.270777089929965,0.3288906479855631,1,fatigued
1489.9665551839466,299.6834102334801,211.58356049264455,1.8098873094220507,19.599424320629957,470.9273337415108,285.26589227573425,0.0808092755752165,1,fatigued
1349.4983277591973,406.53702886430455,284.1818932181411,5.907143177136445,22.120493352681848,246.67616009320844,318.60397632283275,0.13557292413449554,0,alert
1008.3612040133779,428.0392263184117,385.92374882115587,4.138768690247838,-0.3775322691621348,252.19916515163717,314.24309911033646,0.07132887975706893,0,alert
807.6923076923077,439.3542301871226,301.5868598387278,4.585406870251753,-0.09125572378045277,254.7574899760653,271.73520311062447,0.09713324449145942,0,alert
506.68896321070235,364.7276966618161,382.6138495399646,6.531640396776595,39.411112249227834,414.06884643582407,374.3140094583415,0.29563151154852824,1,fatigued
882.9431438127091,434.34986263652024,419.8132929064328,2.1761923502524847,13.865362903227552,467.116021459206,-19.737385400602022,0.24916366743822066,1,fatigued
526.7558528428094,420.2025428407269,328.0282469556374,4.924206965941948,19.3609123125305,166.09192109253777,213.26699742189015,0.10686301554861666,0,alert
446.4882943143813,427.0842615816576,166.02451328517577,3.5177119441367655,31.57946730155676,358.0778518249443,181.7942679707325,0.1915539041973985,1,fatigued
5.016722408026756,393.0867849414408,274.7918531911364,3.8544842730756623,14.639967126035836,194.23566753248483,241.41699985700265,0.07636035117112276,0,alert
1294.3143812709031,237.90118136813442,322.8879504845148,4.662744176619533,43.05408082195064,325.29335317295374,113.12116019088691,0.20902423603035888,1,fatigued
401.33779264214047,389.0164056081244,262.21251710186505,5.005170444830265,21.714800951904994,228.01245428693693,294.039843806166,0.13789109798584745,0,alert
1028.428093645485,353.10874800424386,278.0793577305887,4.2835795135719525,10.760564437246815,174.59229468583237,263.11196417670203,0.09279762244237631,0,alert
170.5685618729097,441.12724560515943,343.88038800379877,3.791526937317883,19.640086700319994,171.77952592181614,247.37744486922304,0.043253757521573725,0,alert
1043.4782608695652,422.76045187844403,377.27996476653493,2.7599845704050234,39.9043844723457,405.03126102675407,278.59707010660276,0.27195063910881706,1,fatigued
637.123745819398,331.9661147409036,355.5137944911753,3.225595188760762,44.50132557337936,519.9891661872078,328.372574598062,0.26362798029254825,1,fatigued
772.5752508361204,279.80852444695046,244.87804510927253,4.7615509827666695,18.576017970716304,-40.82832970029483,116.92996048809243,0.15724265524076003,1,fatigued
331.1036789297659,315.13139910317295,252.75354218660638,3.2596649223555443,49.304263788119655,271.6356421336235,287.7656303089991,0.3435553987600473,1,fatigued
456.5217391304348,448.43224952664445,322.13636271779274,5.3115308623549735,4.749590789454256,369.57997104596745,75.50546615537749,0.08038533618865627,0,alert
195.6521739130435,262.59797873980483,189.50671744459905,4.324771171862668,27.727275923343488,573.5269069805053,254.93667319109417,0.19184037517412628,1,fatigued
225.75250836120404,499.1890750881666,329.76154114982944,2.944071049116242,7.450645935647742,551.7009121204019,66.3144259805608,0.4278863224824369,1,fatigued
1209.0301003344482,394.26317792665503,249.16319154040718,4.9723736445166224,25.254240879869716,290.40843144911946,268.18247937669923,0.05544305371321376,0,alert
65.21739130434783,304.3359877671101,336.60793362002875,3.7121576668911365,26.464719678580845,273.6954626166665,149.3424368048858,0.1338103589519319,0,alert
75.25083612040135,338.94291468227317,330.3621483119236,0.7799681908180509,41.42216736121248,394.13798495318883,288.1565054551196,0.28714173299310625,1,fatigued
436.4548494983278,358.66781366124684,306.59415865508214,1.7446600029001265,43.408678687730294,350.1585981860542,231.77303731735756,0.2232519582566518,1,fatigued
1369.5652173913045,400.51165305097936,290.1404762036011,3.9883489720406566,16.624441232602866,220.8812916837518,293.622521866607,0.09183894244433574,0,alert
832.7759197324415,441.10300799972447,327.63750150195415,4.475508056652127,9.231911145674566,218.3617276294041,210.04884373935624,0.06815969478156043,0,alert
1474.9163879598664,373.32496241677114,335.0394974926401,2.157697847973317,16.72276187357063,503.70032117228385,152.8336691526319,0.0,1,fatigued
923.0769230769231,342.847659015249,392.2351925358163,0.002994188729718239,21.41780957970791,208.62223140924127,255.7243836255889,0.4835634496923674,1,fatigued
1429.7658862876256,319.32037322399447,333.71169678870837,2.1479444456646437,46.53761811271899,171.84400872346754,264.3549091420628,0.35032661165659756,1,fatigued
1023.4113712374582,539.6533991827172,263.1740957715082,1.479391563993985,19.524519811873233,274.7680549345008,92.86549814097391,0.2912304591741871,1,fatigued
1219.0635451505018,443.2877597085061,364.8705879296055,4.767686822328836,17.753458720829254,142.1900831226492,361.3314811825733,0.08914129232202332,0,alert
1314.38127090301,258.21126510256875,354.79211636900385,2.6652267503231815,20.049241875068574,55.31017835278806,199.15460174233343,0.262389594536636,1,fatigued
948.160535117057,324.25763876570676,339.6737890627253,3.337327346538806,15.82190090549013,174.794927779229,261.8766518407146,0.10591535268043645,0,alert
877.9264214046823,293.13398968918517,226.60247306693773,2.2083798996217996,21.723212389116615,173.00404545900398,256.5850856501847,0.3158396639874232,1,fatigued
1053.5117056856188,354.3465899554247,358.8641493504629,2.657597895580532,43.018430335789205,498.7067688456962,80.7364790198176,0.4604442201798891,1,fatigued
290.96989966555185,416.5631715701782,314.522335215214,4.6386593325374985,20.418603681393222,177.69928865449546,384.4881998271665,0.09732161775679142,0,alert
872.9096989966556,293.02032489097576,506.55948182724813,3.2627292805549173,18.97561279180603,246.7879006133683,-12.528226370570934,0.23756788005943758,1,fatigued
1304.3478260869565,297.6502793454343,221.83040457813613,2.310583006166792,27.380785200567406,370.26227658222126,145.7660753705747,0.3017960100961159,1,fatigued
1264.2140468227426,506.10780985063167,352.5501927746913,4.053829010885438,13.166229513862987,234.4451907693141,234.21470218108033,0.040513010655484606,0,alert
105.35117056856188,388.71118497567323,326.7820661446611,4.830027849995197,10.840908203533639,238.58924261362165,320.7468392428031,0.08461111297752609,0,alert
65.21739130434783,299.8250035374822,241.18728842393023,1.6208325902376701,14.631699963757097,208.08126588583923,247.49837373151075,0.1817081985969105,1,fatigued
797.6588628762543,395.91585174371954,379.32026046533724,3.532929157144029,33.44502921251478,187.68493484871698,197.32652249795441,0.2668183241982321,1,fatigued
802.6755852842809,351.26591648863393,388.4126309812375,4.097053521633558,21.630192263890066,219.08140904962028,372.19805471379055,0.07670635996302282,0,alert
1384.6153846153848,409.9529847786735,310.60265511488547,4.1376720906746804,6.842259114827687,212.7431110835331,237.17616363663,0.1169462689862685,0,alert
958.1939799331104,442.8199397161736,366.59748625005113,4.645381381014178,16.77666658094095,179.33707781487362,246.7567440364233,0.12525747978881446,0,alert
426.4214046822743,502.674696103706,374.46909152348513,2.877694418620189,33.409988814821105,266.6868265524284,97.93576655035473,0.00850618155354177,1,fatigued
566.8896321070234,343.8327733733536,290.87831548347265,2.9145086806585057,16.69575371039314,231.83203036951863,-55.91147513858036,0.32781520133663694,1,fatigued
958.1939799331104,458.30864406254364,275.7023758684908,0.743320224231359,37.835543755381785,312.25061868444305,150.51034181402235,0.4988706002179488,1,fatigued
215.7190635451505,399.51625583268003,361.72808539338956,3.9697674174222075,32.46638044719872,499.90007445348954,195.79908679925168,0.0,1,fatigued
40.13377926421405,353.7105219400812,370.8547415868694,2.878302917143521,41.90960159275781,568.9544562327586,38.05085461381614,0.3820265881630509,1,fatigued
652.1739130434783,322.4668284466934,246.75336693004013,4.637091678568377,15.45574077545993,311.84504994062183,313.93129721061325,0.006227024332854991,0,alert
496.6555183946488,388.27064333124264,355.7017340388058,4.370568504489908,20.43549668813695,239.3018683717608,229.0397941139606,0.06227118091825038,0,alert
361.20401337792646,354.4121981396125,251.05104755237633,3.0878710042610615,32.22561676065082,528.6205812762976,62.83768255115257,0.3486586259324973,1,fatigued
436.4548494983278,416.43755548298424,384.42768776471485,4.237625434715282,22.26417374345403,250.47947961475262,254.30805126416743,0.10544366266784538,0,alert
792.6421404682275,171.66289146982928,334.5865879632314,4.7156702500328525,44.61504911073054,342.4464764662778,233.28301543576111,0.4346782064700577,1,fatigued
150.5016722408027,415.07805910477816,352.34544444202004,4.777049415785681,2.6283991124571173,458.7903107801261,271.57293650981035,0.39401436404206747,1,fatigued
1073.5785953177258,384.2365377679827,274.04529012442504,5.222291177628044,17.902513430861458,181.38890617719142,242.52702698322543,0.12976849051590492,0,alert
832.7759197324415,237.71299327947867,235.3138453907328,2.2936970418633225,25.7108392278461,286.46296203472457,82.95607672661001,0.3265059630209324,1,fatigued
607.0234113712374,354.53062726026303,378.9903379099442,3.3028821251403624,13.557799976368525,251.78156526140384,179.32054151778433,0.12487461536705202,0,alert
100.33444816053512,473.2824384460777,304.3648184246723,3.9466678811882816,23.441790499158632,148.74409485822923,365.47235868677467,0.07212458197446171,0,alert
356.18729096989966,476.90182832329845,322.40992310604526,3.0486268373142957,12.913690055150715,256.54828725443065,192.19974037815254,0.06710473818267589,0,alert
531.7725752508361,494.3092950605265,251.95708067778327,3.603699453252602,22.37115932016639,221.6908694421477,288.5869221196357,0.0,0,alert
1354.5150501672242,472.06366445330576,300.82882706352984,4.376136940754165,21.55357153872059,291.7978891987391,283.05217124607174,0.13792384907547023,0,alert
677.2575250836121,438.46112952532195,287.868256432157,2.9401941644701433,34.87302343492113,455.57482589638596,185.35314414544672,0.4339384460939922,1,fatigued
511.7056856187291,382.8642741736615,300.23596648731825,4.006959416620068,17.357782219521045,209.5024145982755,234.78250746128253,0.1503874782551985,0,alert
